fold,year,month_number,month_name,fsa,observations,mae,mape,mean_residual,actual_mean,predicted_mean
fold_2023,2023,1,Jan,L4T,17856,518.3964352590756,4.5078680260707475,162.85213284603998,11266.489829749104,11103.637696903064
fold_2023,2023,2,Feb,L4T,16128,577.7179377679981,5.023114386352277,119.05594148934844,11317.397371031746,11198.341429542397
fold_2023,2023,3,Mar,L4T,17856,551.9249155540952,5.056046998365977,-36.565632638724026,10798.958204525088,10835.523837163813
fold_2023,2023,4,Apr,L4T,17280,602.3885963425221,6.0806895659652715,-297.9855107243443,9954.833657407407,10252.819168131751
fold_2023,2023,5,May,L4T,17856,709.0025351292289,7.020372466491236,-283.70085146188256,9962.615540994624,10246.316392456507
fold_2023,2023,6,Jun,L4T,17280,986.8369002918189,8.043808030019258,-43.2953691250903,12019.116024305556,12062.411393430646
fold_2023,2023,7,Jul,L4T,17856,1285.8035923513053,8.630908847064761,365.0319753346916,14512.347278225807,14147.315302891115
fold_2023,2023,8,Aug,L4T,17856,1073.7096251536202,8.407178530265245,71.22249656178487,12565.72422155018,12494.501724988395
fold_2023,2023,9,Sep,L4T,17280,896.6767950569775,7.482626469667834,-48.69776026509025,11511.567204861112,11560.264965126202
fold_2023,2023,10,Oct,L4T,17856,623.0708596190202,6.206554422069523,-280.28964773897866,10010.141969086022,10290.431616825
fold_2023,2023,11,Nov,L4T,17280,507.61866083895296,4.724398875641583,-55.05447245651384,10584.115023148148,10639.169495604661
fold_2023,2023,12,Dec,L4T,17280,518.0172136992979,4.569545367662479,121.05497643558265,11120.335358796296,10999.280382360714
fold_2023,2023,1,Jan,M5R,17856,360.18729991276376,4.105435085565296,83.11695854457406,8673.548207885306,8590.43124934073
fold_2023,2023,2,Feb,M5R,16128,517.0231580233229,5.903229202368027,25.57253266675398,8712.58728918651,8687.014756519753
fold_2023,2023,3,Mar,M5R,17856,449.5368628407528,5.638170954857864,-14.972893774699909,7979.833954973118,7994.806848747818
fold_2023,2023,4,Apr,M5R,17280,360.93367144481573,5.526462462603761,-113.33636904374241,6643.057459490741,6756.393828534483
fold_2023,2023,5,May,M5R,17856,323.8751705735434,5.189738605386773,-71.97733458900447,6147.907879704301,6219.885214293306
fold_2023,2023,6,Jun,M5R,17280,397.203036792159,5.401270214074343,-21.22342665528945,7078.183958333333,7099.407384988623
fold_2023,2023,7,Jul,M5R,17856,596.4634462236407,6.9152312255121835,124.32058383508867,8470.01807235663,8345.697488521542
fold_2023,2023,8,Aug,M5R,17856,471.0964725493656,6.433556057109738,-1.2623903455146304,7163.340260976703,7164.602651322217
fold_2023,2023,9,Sep,M5R,17280,407.10557882216193,5.676066750516037,-42.69704587164793,6820.7644386574075,6863.461484529055
fold_2023,2023,10,Oct,M5R,17856,309.1623096480125,4.7965242776675385,-97.12067653265031,6441.30571796595,6538.4263944986
fold_2023,2023,11,Nov,M5R,17280,371.97457570099016,5.019784004075922,-36.43538672754202,7481.561892361111,7517.997279088653
fold_2023,2023,12,Dec,M5R,17280,345.74047020959773,4.431428380315253,-23.88452921072528,7858.64152199074,7882.5260512014665
fold_2023,2023,1,Jan,M5S,17856,179.53430077603292,3.7908166777678916,40.896743890028965,4650.859951836917,4609.963207946888
fold_2023,2023,2,Feb,M5S,16128,254.5923923949329,5.394872796959046,13.45716094484421,4679.443303571428,4665.986142626584
fold_2023,2023,3,Mar,M5S,17856,218.6638046404704,4.995068744224894,-0.8068276511186789,4377.815955421147,4378.6227830722655
fold_2023,2023,4,Apr,M5S,17280,181.88443546036808,5.0842902630960625,-68.18561119486347,3651.4397800925926,3719.6253912874563
fold_2023,2023,5,May,M5S,17856,165.66347573853508,5.022043357332623,-58.84077020937084,3299.039096102151,3357.8798663115217
fold_2023,2023,6,Jun,M5S,17280,195.01178062802165,5.0865665771281305,-14.143190987366568,3728.96453125,3743.1077222373665
fold_2023,2023,7,Jul,M5S,17856,268.54706189998194,6.103614433800826,60.71263497764617,4329.749176747312,4269.036541769666
fold_2023,2023,8,Aug,M5S,17856,222.62011694658307,5.8007017679037975,-4.218789016821889,3794.6927587365594,3798.9115477533805
fold_2023,2023,9,Sep,M5S,17280,213.43906572163638,5.615698272805401,-27.108054695805304,3706.5295428240743,3733.6375975198794
fold_2023,2023,10,Oct,M5S,17856,163.64174390866293,4.776914023103161,-72.5344194888975,3491.2449596774195,3563.7793791663166
fold_2023,2023,11,Nov,M5S,17280,184.58775310804558,4.633431197133619,-30.5339343159488,4047.474508101852,4078.0084424178003
fold_2023,2023,12,Dec,M5S,17280,173.35954452797313,4.262920152469499,-41.97901618259929,4131.396979166667,4173.375995349265
fold_2023,2023,1,Jan,M6G,17856,463.8321542597857,3.4848608120866587,229.74182636759085,13119.502032930108,12889.760206562518
fold_2023,2023,2,Feb,M6G,16128,649.4797430777334,4.812895929123039,169.39259663910676,13279.307056051586,13109.914459412481
fold_2023,2023,3,Mar,M6G,17856,561.8104381556461,4.503533643068419,106.82861973898501,12383.180488351256,12276.35186861227
fold_2023,2023,4,Apr,M6G,17280,471.6506319303753,4.587362809606247,-69.21842263951147,10412.371979166668,10481.59040180618
fold_2023,2023,5,May,M6G,17856,464.96380751349704,4.731289583522806,-28.168628402203897,9593.109184587813,9621.277812990018
fold_2023,2023,6,Jun,M6G,17280,686.1188724918857,5.8009800589879035,91.94524100311475,11262.53634837963,11170.591107376515
fold_2023,2023,7,Jul,M6G,17856,1024.2870489196275,7.376978237970119,339.0329473805256,13622.771102150538,13283.738154770012
fold_2023,2023,8,Aug,M6G,17856,799.4475650621607,6.757027288899206,134.4369105103499,11520.954217069893,11386.517306559543
fold_2023,2023,9,Sep,M6G,17280,647.200380867724,5.625106110474916,43.32800369318543,10769.38038773148,10726.052384038296
fold_2023,2023,10,Oct,M6G,17856,435.98682513566945,4.389608777081812,-65.93630147644029,9929.511211917563,9995.447513394003
fold_2023,2023,11,Nov,M6G,17280,477.24098854970373,4.21184504297876,46.30789014690169,11394.313709490742,11348.00581934384
fold_2023,2023,12,Dec,M6G,17280,448.1920274581396,3.753614113333538,83.36006235528025,12048.061689814815,11964.701627459533
fold_2023,2023,1,Jan,M9R,17856,335.4462041528032,5.844794816899304,192.5003985452087,5687.111883960573,5494.611485415365
fold_2023,2023,2,Feb,M9R,16128,354.4156110358899,6.240608903614059,164.24379181101506,5632.706708829365,5468.46291701835
fold_2023,2023,3,Mar,M9R,17856,323.00063333023144,5.979048166632652,94.91793760636288,5367.160915098566,5272.242977492203
fold_2023,2023,4,Apr,M9R,17280,318.086836153303,6.5721106944733005,-54.7381234062326,4841.845688657408,4896.58381206364
fold_2023,2023,5,May,M9R,17856,370.5084080352095,7.541292759324909,-65.76777046184034,4708.6429323476705,4774.41070280951
fold_2023,2023,6,Jun,M9R,17280,541.7271475442739,8.669701267571137,37.24449102319853,5786.732152777778,5749.487661754579
fold_2023,2023,7,Jul,M9R,17856,760.4723348949493,9.93401850887017,255.68350676570896,7232.805813172043,6977.122306406334
fold_2023,2023,8,Aug,M9R,17856,576.5013600906525,8.969850958846385,77.35028779607933,6067.386833557348,5990.036545761269
fold_2023,2023,9,Sep,M9R,17280,504.099384052136,8.309854219336737,24.153061226593575,5543.8442187499995,5519.691157523406
fold_2023,2023,10,Oct,M9R,17856,338.7399077652254,6.922044635415742,-72.40706484423072,4832.905835573476,4905.312900417707
fold_2023,2023,11,Nov,M9R,17280,301.35047843184935,5.785549913404361,50.7528415999837,5177.180827546296,5126.427985946312
fold_2023,2023,12,Dec,M9R,17280,331.0390931651314,5.755990603724727,171.83880639416802,5623.557274305555,5451.718467911387
fold_2023,2023,1,Jan,M9W,17856,1338.301492521135,9.030292484876323,1306.4480614819759,14738.861598342293,13432.413536860318
fold_2023,2023,2,Feb,M9W,16128,1299.800697712086,8.620085959308646,1256.8469603839692,14916.540959821428,13659.69399943746
fold_2023,2023,3,Mar,M9W,17856,1177.0375773859782,8.142577899765957,1120.0055191541182,14345.509050179211,13225.503531025093
fold_2023,2023,4,Apr,M9W,17280,918.2704733622908,6.946156179471392,828.3026098925416,13025.58657986111,12197.28396996857
fold_2023,2023,5,May,M9W,17856,918.0766830812936,6.7164565590529435,812.6630186687598,12669.597664650539,11856.934645981779
fold_2023,2023,6,Jun,M9W,17280,1266.6210103851781,8.103027564515836,992.9275747543332,14427.74113425926,13434.813559504926
fold_2023,2023,7,Jul,M9W,17856,1920.3966060115586,10.532187886026575,1434.6840369960491,16919.120934139784,15484.436897143734
fold_2023,2023,8,Aug,M9W,17856,1450.9525936959647,9.066661166238474,1086.8582322811244,14915.90358422939,13829.045351948265
fold_2023,2023,9,Sep,M9W,17280,1194.0426562546422,7.673143977161328,934.181669883526,13939.556666666665,13005.37499678314
fold_2023,2023,10,Oct,M9W,17856,885.7183644956287,6.629302784673746,766.9828103863538,12769.972961469533,12002.99015108318
fold_2023,2023,11,Nov,M9W,17280,1082.670686436425,7.6829069096282785,1035.5605968369907,13886.059033564814,12850.498436727823
fold_2023,2023,12,Dec,M9W,17280,1227.9557139563144,8.35223950862952,1196.1539207544283,14573.019403935186,13376.865483180756
fold_2024,2024,1,Jan,L4T,17856,580.916816231594,4.7511253613654505,290.998498938563,11903.503533826164,11612.505034887603
fold_2024,2024,2,Feb,L4T,16704,616.507426234384,5.362456068078847,156.9631455026925,11294.351197318008,11137.388051815315
fold_2024,2024,3,Mar,L4T,17856,578.8479471988364,5.32294403257373,-29.384482964917922,10747.102805779568,10776.487288744487
fold_2024,2024,4,Apr,L4T,17280,603.966988700897,6.097768216771277,-293.07135974385886,9947.964490740742,10241.0358504846
fold_2024,2024,5,May,L4T,17856,733.7428956042351,7.397817663302348,-314.39038062948856,10000.97489359319,10315.365274222679
fold_2024,2024,6,Jun,L4T,17280,1226.4143320782223,9.584118675575409,122.9145793508651,12730.902118055556,12607.98753870469
fold_2024,2024,7,Jul,L4T,17856,1426.5731946568853,8.712651535198736,824.0987807477907,15710.923101478493,14886.824320730702
fold_2024,2024,8,Aug,L4T,17856,1298.200541236505,9.228834852140201,306.3786684688294,13946.555639560931,13640.176971092102
fold_2024,2024,9,Sep,L4T,17280,796.870661895007,6.800339166047153,-90.09059848772851,11630.734074074075,11720.824672561803
fold_2024,2024,10,Oct,L4T,17856,580.8152840255776,6.07550836271096,-373.60844988935867,9604.162880824373,9977.771330713731
fold_2024,2024,11,Nov,L4T,17280,528.3879632466868,5.042117806063811,-69.27890292182363,10322.592488425926,10391.87139134775
fold_2024,2024,12,Dec,L4T,17280,575.7615683642551,4.829166544027077,198.9649538252407,11658.400439814814,11459.435485989574
fold_2024,2024,1,Jan,M5R,17856,377.2545279659939,4.125130944660685,92.31886136466846,9061.850907258065,8969.532045893397
fold_2024,2024,2,Feb,M5R,16704,413.8733060853335,5.169369743075492,6.507572174900222,8119.969001436781,8113.461429261881
fold_2024,2024,3,Mar,M5R,17856,399.1849610015388,5.445717140824213,-83.41172524600614,7359.586855958782,7442.998581204788
fold_2024,2024,4,Apr,M5R,17280,344.279266648806,5.350341657744673,-130.18269366072036,6534.763032407408,6664.945726068128
fold_2024,2024,5,May,M5R,17856,306.5902452467954,4.884444933001498,-116.45286770775029,6189.240120967742,6305.692988675492
fold_2024,2024,6,Jun,M5R,17280,595.9477216765505,7.717311682382322,34.6642845547337,7473.287945601852,7438.623661047119
fold_2024,2024,7,Jul,M5R,17856,615.6922509460493,6.75938674092705,293.98254782936084,8957.831182795699,8663.848634966338
fold_2024,2024,8,Aug,M5R,17856,566.0325517045806,7.132500905075241,34.815926336135405,7909.424243951614,7874.608317615478
fold_2024,2024,9,Sep,M5R,17280,338.08418019871164,4.946647535883898,-60.599782672079684,6832.073703703703,6892.673486375784
fold_2024,2024,10,Oct,M5R,17856,292.7573744140386,4.918279293816825,-167.6867540874007,6076.905813172043,6244.592567259444
fold_2024,2024,11,Nov,M5R,17280,280.24977076366844,4.159453874368512,-53.63500491033937,6938.697968750001,6992.332973660339
fold_2024,2024,12,Dec,M5R,17280,396.3266700530101,4.651910951205945,41.43864891896089,8616.84829861111,8575.40964969215
fold_2024,2024,1,Jan,M5S,17856,193.75152946385782,3.996412781393424,43.58080773711445,4769.8179547491045,4726.23714701199
fold_2024,2024,2,Feb,M5S,16704,209.48780119844452,4.9256123207399085,-6.197074408340041,4326.479986829502,4332.677061237841
fold_2024,2024,3,Mar,M5S,17856,204.18456408974797,5.162863590292015,-51.88943062990287,4000.618660394265,4052.508091024168
fold_2024,2024,4,Apr,M5S,17280,181.7106264616936,5.21608793234672,-79.1334681986035,3560.8425694444445,3639.9760376430477
fold_2024,2024,5,May,M5S,17856,159.43433252289014,4.827529668580862,-74.48702017157711,3325.2024193548386,3399.6894395264158
fold_2024,2024,6,Jun,M5S,17280,269.40533628601617,6.805824240441169,13.04267693098424,3879.3164930555554,3866.2738161245716
fold_2024,2024,7,Jul,M5S,17856,271.0996066318902,5.8848844298868865,144.5164640341967,4520.495318100358,4375.978854066161
fold_2024,2024,8,Aug,M5S,17856,268.512903264919,6.562039446741304,25.312625539204873,4106.228640232975,4080.91601469377
fold_2024,2024,9,Sep,M5S,17280,185.53841640638885,4.962651653560994,-24.95235205202448,3757.1605381944446,3782.1128902464693
fold_2024,2024,10,Oct,M5S,17856,157.46076086271427,4.771558298369919,-98.50275937070136,3388.8492103494623,3487.3519697201637
fold_2024,2024,11,Nov,M5S,17280,156.7333116856494,4.217918542512453,-31.892555642471294,3831.6637615740738,3863.5563172165457
fold_2024,2024,12,Dec,M5S,17280,196.86088777033066,4.362474056422879,7.184456539964527,4546.381649305556,4539.197192765591
fold_2024,2024,1,Jan,M6G,17856,498.98356668172266,3.613540139826986,221.7218673806079,13622.800280017922,13401.078412637313
fold_2024,2024,2,Feb,M6G,16704,526.0757729959448,4.219397137196828,109.02436390432038,12526.288350095785,12417.263986191465
fold_2024,2024,3,Mar,M6G,17856,529.7533771387621,4.603340815072591,-30.415591597997263,11513.18892249104,11543.604514089038
fold_2024,2024,4,Apr,M6G,17280,488.5668603068294,4.80210147805136,-118.0433487846202,10292.37480324074,10410.41815202536
fold_2024,2024,5,May,M6G,17856,433.23620187245984,4.433266368594229,-126.35430514474874,9664.019998879929,9790.374304024675
fold_2024,2024,6,Jun,M6G,17280,943.3153318830716,7.734114589318723,130.39881357197874,11784.05234375,11653.65353017802
fold_2024,2024,7,Jul,M6G,17856,1034.7237957261775,7.1619499102575155,570.1132042094276,14208.28704077061,13638.173836561182
fold_2024,2024,8,Aug,M6G,17856,963.1759327042649,7.641770426310119,164.8389327685458,12602.817909946236,12437.97897717769
fold_2024,2024,9,Sep,M6G,17280,566.1884622821204,5.227029175206962,-18.575634289112777,10779.73927662037,10798.314910909483
fold_2024,2024,10,Oct,M6G,17856,409.27610469610477,4.446077549377381,-191.63767788033996,9431.158473342293,9622.796151222634
fold_2024,2024,11,Nov,M6G,17280,390.68667113544666,3.7250767632661916,-3.7363837196664225,10777.25097800926,10780.987361728927
fold_2024,2024,12,Dec,M6G,17280,534.6476596480724,4.115698531223482,150.41352206045605,13031.82984375,12881.416321689545
fold_2024,2024,1,Jan,M9R,17856,334.7870952403958,5.592982225937096,189.29108088025959,5897.853158602151,5708.562077721891
fold_2024,2024,2,Feb,M9R,16704,351.1114277173757,6.314760805052138,132.58070980707626,5549.102514367816,5416.52180456074
fold_2024,2024,3,Mar,M9R,17856,332.35137591728625,6.325477421788129,32.73002590197269,5203.488894489247,5170.758868587274
fold_2024,2024,4,Apr,M9R,17280,315.1905255848779,6.633841781739311,-86.56248121210983,4772.310457175926,4858.872938388035
fold_2024,2024,5,May,M9R,17856,348.5940452879089,7.002478321638391,-89.78430379808664,4844.8015625,4934.585866298086
fold_2024,2024,6,Jun,M9R,17280,684.1769815747903,10.264941715555125,127.0376731730087,6305.367256944444,6178.329583771435
fold_2024,2024,7,Jul,M9R,17856,881.728624473853,11.22226428660108,470.9329208400382,7853.6169690860215,7382.684048245983
fold_2024,2024,8,Aug,M9R,17856,727.2070079792624,10.168669943263906,182.85887631033913,6887.026411290322,6704.167534979983
fold_2024,2024,9,Sep,M9R,17280,426.00568223995174,7.421772412814818,-45.21041279809906,5492.040295138889,5537.250707936988
fold_2024,2024,10,Oct,M9R,17856,302.6440415512692,6.620150236380542,-139.5739529310691,4606.456334005376,4746.030286936446
fold_2024,2024,11,Nov,M9R,17280,299.3149132822874,5.91019420137078,29.660361370534837,5092.178674768518,5062.518313397984
fold_2024,2024,12,Dec,M9R,17280,353.80225392953685,5.840408519047124,196.01203058484379,5998.721128472222,5802.709097887378
fold_2024,2024,1,Jan,M9W,17856,949.8360330372745,6.024771739886881,863.2822635726315,15629.890725806452,14766.60846223382
fold_2024,2024,2,Feb,M9W,16704,829.1974608662841,5.579385277733748,716.471762211059,14815.046833093871,14098.57507088281
fold_2024,2024,3,Mar,M9W,17856,737.0250911813358,5.204320209403198,544.1854864846855,14036.384318996415,13492.198832511729
fold_2024,2024,4,Apr,M9W,17280,628.6049325319252,4.738521019044132,376.8879750182254,13115.33789351852,12738.449918500293
fold_2024,2024,5,May,M9W,17856,684.4215747275746,5.083345855543051,314.25774721752754,12807.489292114697,12493.231544897168
fold_2024,2024,6,Jun,M9W,17280,1408.7429783099458,8.64993195381928,660.0207634235911,15263.267893518518,14603.247130094927
fold_2024,2024,7,Jul,M9W,17856,1811.2608198145044,9.528217014156967,1256.3217947793912,18048.457991711468,16792.13619693208
fold_2024,2024,8,Aug,M9W,17856,1437.9768043856532,8.547927673191468,687.3165977409409,16071.374165546596,15384.057567805652
fold_2024,2024,9,Sep,M9W,17280,892.5752363555197,6.276967185939578,399.7135493605451,13687.797685185185,13288.08413582464
fold_2024,2024,10,Oct,M9W,17856,495.8937105448951,4.062548411694149,221.27800056384675,12228.939079301075,12007.661078737228
fold_2024,2024,11,Nov,M9W,17280,597.418421139273,4.475706428158292,460.32271779237533,13317.40138888889,12857.078671096513
fold_2024,2024,12,Dec,M9W,17280,826.0401319744238,5.475141657198658,726.7918081333903,14994.380914351852,14267.589106218462
