fold,horizon,precision,recall,f1,balanced_accuracy,n_observations,positive_rate_pct,predicted_positive_rate_pct,brier_score,pr_auc,roc_auc
fold_2023,1,0.8777881040892194,0.32892216611527075,0.4785307156428119,0.6616436082863544,52416,10.956578144078144,4.105616605616605,0.06839104539292357,0.7394848060078264,0.9539181131280936
fold_2023,2,0.8503616636528029,0.32752916594114573,0.4729101194217473,0.6602186356348542,52416,10.956578144078144,4.22008547008547,0.06932535946112736,0.710662142009882,0.9441196624397322
fold_2023,3,0.8469000421762969,0.34964304370538046,0.4949470051762386,0.6709327638984126,52416,10.956578144078144,4.523427960927961,0.06633581153447621,0.7291556049300075,0.9509692956436001
fold_2023,4,0.8363555948695267,0.32927041615880204,0.4725137431284358,0.6606714603023136,52416,10.956578144078144,4.313568376068376,0.06762372859002777,0.7206564201618952,0.9494794863894973
fold_2023,5,0.82951347004423,0.35921991990248997,0.5013365735115431,0.6750677192553395,52416,10.956578144078144,4.7447344322344325,0.06548216521818728,0.7065217137535842,0.9426142195022644
fold_2023,6,0.8114380439287194,0.3409367926170991,0.4801373222167729,0.665594057825915,52416,10.956578144078144,4.603556166056166,0.06741139439817623,0.6891169850914236,0.9394451407484602
fold_2023,7,0.7899782135076253,0.31568866446108307,0.4511072406071162,0.652680747288498,52416,10.956578144078144,4.378434065934066,0.07063784674755604,0.6565086719523567,0.9335790287021779
fold_2023,8,0.7587700303161542,0.30506703813337976,0.43517138599105815,0.6465664717373989,52416,10.956578144078144,4.405143467643468,0.07330344843817097,0.6111584514588099,0.914149190048543
fold_2023,9,0.7495784148397976,0.30959428869928607,0.43820086260012325,0.6484337222426433,52416,10.956578144078144,4.525335775335775,0.07270852600891434,0.6194708007940292,0.9197327560519116
fold_2023,10,0.7162334895611419,0.2927041615880202,0.41557478368355993,0.6392173347952528,52416,10.956578144078144,4.477640415140415,0.07588629874450992,0.5790708123784339,0.9076607245898298
fold_2023,11,0.7166266986410871,0.3122061640257705,0.43493026076409946,0.6485076842454394,52416,10.956578144078144,4.773351648351648,0.0732125572597727,0.5908636373497838,0.9117159670018515
fold_2023,12,0.7043870438704387,0.29909470752089135,0.4198949040694122,0.6418232365167021,52416,10.958485958485959,4.653159340659341,0.07497658743641178,0.5670477915581172,0.9019303683240021
fold_2023,13,0.6516995383969786,0.2703220191470844,0.38213582677165353,0.62626897811932,52416,10.960393772893774,4.546321733821734,0.07927015084673344,0.5248826372362142,0.8960525317874718
fold_2023,14,0.6491982792334767,0.2888966237382527,0.3998554739250873,0.6348382840139731,52416,10.962301587301587,4.878281440781441,0.07768558659123297,0.5333886679754959,0.8929483388300568
fold_2023,15,0.6707267559886317,0.2874543239951279,0.4024360535931791,0.6350383107258418,52416,10.964209401709402,4.698946886446887,0.07796285049588475,0.5381163591754518,0.8938550698555703
fold_2023,16,0.6665453221696396,0.31854558107167713,0.4310771041789288,0.6494587852217046,52416,10.966117216117215,5.2407661782661785,0.0763172078747099,0.5386276789620014,0.8927419923403321
fold_2023,17,0.6801768607221813,0.32104347826086954,0.43620037807183365,0.6512216062713939,52416,10.969932844932845,5.1778083028083035,0.07576949674442736,0.5393296975489689,0.889930637518424
fold_2023,18,0.6458476321207962,0.3271905424200278,0.43434110316178165,0.6525374964800293,52416,10.973748473748474,5.559371184371184,0.07724141346253477,0.5167323572589977,0.8794163504902445
fold_2023,19,0.6660162601626016,0.3559263121306917,0.4639256993997055,0.6669584841695848,52416,10.977564102564102,5.866529304029304,0.07366639039484194,0.5541638115517704,0.8905434283186996
fold_2023,20,0.6571702944942381,0.3567332754126846,0.46243946390359275,0.6668902441442669,52416,10.979471916971917,5.96001221001221,0.07387999356907711,0.5585589688515155,0.8919638777286553
fold_2023,21,0.6587327114827919,0.3558026407227241,0.4620417371686407,0.6665318390068828,52416,10.98137973137973,5.931394993894994,0.07481435422246425,0.5536894668022817,0.8903743520989448
fold_2023,22,0.6562599553998089,0.3578252562098315,0.4631294964028777,0.6673500142469249,52416,10.983287545787546,5.988629426129426,0.07416045852249693,0.5526530909375794,0.8918936574494114
fold_2023,23,0.657313997477932,0.36216779572694113,0.4670175831560085,0.6694355556358189,52416,10.983287545787546,6.051587301587301,0.07423150938111103,0.557537009839457,0.8939602275089762
fold_2023,24,0.6413286489939316,0.3487927740142435,0.45184518451845185,0.6623622671159968,52416,10.983287545787546,5.973366910866911,0.07604436615757396,0.5428375973096983,0.8881105078295394
fold_2024,1,0.6216922574322117,0.9031798766018035,0.7364551083591331,0.940113911107276,52560,4.00875190258752,5.8238203957382035,0.018655014916149557,0.8440347744175741,0.9916562634510453
fold_2024,2,0.604360371914075,0.8946369245372567,0.7213930348258707,0.9350892588515868,52560,4.00875190258752,5.934170471841705,0.020016728641240163,0.8345895520257298,0.9900319949854225
fold_2024,3,0.5742419506095655,0.8718557190317988,0.6924236713154919,0.92243014877521,52560,4.00875190258752,6.086377473363775,0.021841895232550285,0.8093819156220486,0.98815209286917
fold_2024,4,0.5560578661844484,0.8756525866160417,0.680184331797235,0.9232285488726057,52560,4.00875190258752,6.312785388127853,0.023323783923902545,0.7943732297331538,0.9870519321807264
fold_2024,5,0.5376060872110038,0.8718557190317988,0.665097755249819,0.9202697222396226,52560,4.00875190258752,6.501141552511415,0.02504065839198904,0.7653078687915762,0.985636822368459
fold_2024,6,0.505831299159208,0.8851447555766493,0.6437694166379013,0.9245159688532762,52560,4.00875190258752,7.014840182648402,0.028105552745738848,0.7408896502288873,0.9841007627985843
fold_2024,7,0.4764629388816645,0.8694826767916469,0.6155913978494624,0.9147920786887693,52560,4.00875190258752,7.31544901065449,0.030594398121963434,0.6981855368137099,0.9805169389347697
fold_2024,8,0.4643218623481781,0.8709065021357381,0.6057105132860208,0.9144733291603511,52560,4.00875190258752,7.519025875190259,0.03206139107975741,0.6937847508187226,0.9805558554540947
fold_2024,9,0.4549281822684497,0.8718557190317988,0.5978844589096827,0.9141154796772377,52560,4.00875190258752,7.682648401826484,0.03383930218829894,0.6570224119454353,0.9787583252260388
fold_2024,10,0.44951801116184675,0.8410061699098244,0.5858819639609852,0.8989979217336964,52560,4.00875190258752,7.5,0.0338555847988713,0.6310288228335471,0.976331296545373
fold_2024,11,0.42839717004147354,0.8334124347413384,0.5659039639058975,0.8934865872198358,52560,4.00875190258752,7.7987062404870615,0.0357742185253925,0.5942649940741688,0.9745474957492615
fold_2024,12,0.43292978208232447,0.8485999050783104,0.5733525733525734,0.9010902326017878,52560,4.00875190258752,7.857686453576865,0.03617847587689457,0.5746911406693298,0.9740457764941985
fold_2024,13,0.4191246431969553,0.8362600854295207,0.5583901125019807,0.8939293014307931,52560,4.00875190258752,7.998477929984779,0.03696789951070222,0.5797987081610423,0.9733235302962939
fold_2024,14,0.4256336681013869,0.8448030374940674,0.5660677373191286,0.8985971860017063,52560,4.00875190258752,7.95662100456621,0.03658686008289702,0.609027358078971,0.9747855054939317
fold_2024,15,0.4200046849379246,0.8509729473184623,0.5624215809284818,0.9009487851174199,52560,4.00875190258752,8.122146118721462,0.03747070996995475,0.5953781368500646,0.9743311548956393
fold_2024,16,0.41609510745313216,0.8637873754152824,0.5616417219564882,0.9065830025154822,52560,4.00875190258752,8.321917808219178,0.03777986782310576,0.614901983339792,0.9753526265137052
fold_2024,17,0.4102160216021602,0.8648007590132827,0.5564713064713065,0.9064251951730173,52560,4.010654490106545,8.455098934550989,0.038798087385525246,0.5983549743203093,0.9744327879385911
fold_2024,18,0.4068527342863626,0.8505692599620494,0.5504221028396009,0.8993788185166625,52560,4.010654490106545,8.384703196347033,0.03872289796554259,0.6094520931212689,0.974011981027376
fold_2024,19,0.407222348398819,0.8505692599620494,0.5507602518814314,0.8994184601562407,52560,4.010654490106545,8.377092846270928,0.038885121936159464,0.5944437383028582,0.973080087507979
fold_2024,20,0.4042412193505633,0.8681214421252372,0.5516201959306707,0.9073323455770086,52560,4.010654490106545,8.613013698630137,0.039975313268308506,0.5811467616191381,0.9736740774217018
fold_2024,21,0.40091863517060367,0.8695445920303605,0.5488023952095809,0.9076276833139989,52560,4.010654490106545,8.698630136986301,0.04000779085048615,0.589464642585132,0.9742789415185773
fold_2024,22,0.4059361749609462,0.8629032258064516,0.5521323417817575,0.9050701017639251,52560,4.010654490106545,8.525494672754947,0.039143087673447506,0.5840468685243413,0.9737397691472505
fold_2024,23,0.3962628865979381,0.8752371916508539,0.5455351862803075,0.9097604336118378,52560,4.010654490106545,8.858447488584476,0.04087023049653083,0.5893007403389448,0.9731214592380892
fold_2024,24,0.39354424967935014,0.8733396584440227,0.542587680518715,0.9085539963511639,52560,4.010654490106545,8.900304414003044,0.041152766912959084,0.5866254025609386,0.9732880368677779
