task,horizon,feature_family,importance_pct
rf,1,calendar_time,0.6817444173403573
rf,1,context,0.23217800542165565
rf,1,demand_history,95.76795993182587
rf,1,spatial,0.20818020054424002
rf,1,weather,3.1099374448678687
rf,2,calendar_time,0.7160198572374505
rf,2,context,0.26080621172233515
rf,2,demand_history,96.0159945572562
rf,2,spatial,0.21788516921911139
rf,2,weather,2.7892942045648796
rf,3,calendar_time,0.8390741722536522
rf,3,context,0.26935392724061324
rf,3,demand_history,96.1883562807945
rf,3,spatial,0.20279608228857532
rf,3,weather,2.5004195374226765
rf,4,calendar_time,0.9712870581712404
rf,4,context,0.2658520087690532
rf,4,demand_history,96.53326170007917
rf,4,spatial,0.18172756565781387
rf,4,weather,2.047871667322722
rf,5,calendar_time,1.0455275460704652
rf,5,context,0.27573130702935206
rf,5,demand_history,96.80851313045827
rf,5,spatial,0.16751733454676282
rf,5,weather,1.7027106818951436
rf,6,calendar_time,1.0952024282077977
rf,6,context,0.28149249464156156
rf,6,demand_history,96.91097770423191
rf,6,spatial,0.15708818536785957
rf,6,weather,1.555239187550875
rf,7,calendar_time,1.072313755845044
rf,7,context,0.2895413866335967
rf,7,demand_history,97.05795732458947
rf,7,spatial,0.14517768030581077
rf,7,weather,1.4350098526260764
rf,8,calendar_time,1.0300503604835975
rf,8,context,0.2950621805074745
rf,8,demand_history,97.19870990607649
rf,8,spatial,0.13639280418745814
rf,8,weather,1.3397847487449708
rf,9,calendar_time,1.0347671576055926
rf,9,context,0.3102477178681772
rf,9,demand_history,97.26382730869813
rf,9,spatial,0.129119229950004
rf,9,weather,1.262038585878103
rf,10,calendar_time,0.9905272341772275
rf,10,context,0.31855264942835854
rf,10,demand_history,97.36322940195039
rf,10,spatial,0.12414564333376932
rf,10,weather,1.2035450711102607
rf,11,calendar_time,0.9859166343715431
rf,11,context,0.3234686059100321
rf,11,demand_history,97.40499546887135
rf,11,spatial,0.11899842825411618
rf,11,weather,1.1666208625929597
rf,12,calendar_time,0.948181079118342
rf,12,context,0.32628300079984207
rf,12,demand_history,97.47052735875886
rf,12,spatial,0.11602769776110468
rf,12,weather,1.1389808635618563
rf,13,calendar_time,0.9506588725373913
rf,13,context,0.3300258392995573
rf,13,demand_history,97.49988470183787
rf,13,spatial,0.10876656471649959
rf,13,weather,1.11066402160869
rf,14,calendar_time,0.9833819074198725
rf,14,context,0.33465622473601403
rf,14,demand_history,97.50582900508294
rf,14,spatial,0.10187241300671718
rf,14,weather,1.0742604497544526
rf,15,calendar_time,1.0110937993374878
rf,15,context,0.33693218532565133
rf,15,demand_history,97.51462934226505
rf,15,spatial,0.10258017990260541
rf,15,weather,1.034764493169226
rf,16,calendar_time,0.9584029509185907
rf,16,context,0.3425166612119015
rf,16,demand_history,97.60050690724897
rf,16,spatial,0.09842129913768623
rf,16,weather,1.0001521814828687
rf,17,calendar_time,0.9537760173641903
rf,17,context,0.34542240303935523
rf,17,demand_history,97.64038208099461
rf,17,spatial,0.0976071471327863
rf,17,weather,0.9628123514690681
rf,18,calendar_time,0.9513666110194069
rf,18,context,0.3459081618533293
rf,18,demand_history,97.66713448205417
rf,18,spatial,0.09829890354062641
rf,18,weather,0.9372918415324709
rf,19,calendar_time,1.0215419981228187
rf,19,context,0.3485106373854819
rf,19,demand_history,97.60903417659851
rf,19,spatial,0.0976500614729642
rf,19,weather,0.9232631264202144
rf,20,calendar_time,0.9587275586625992
rf,20,context,0.348741137345247
rf,20,demand_history,97.68010149263235
rf,20,spatial,0.1002511378549641
rf,20,weather,0.9121786735048574
rf,21,calendar_time,0.9526253634984182
rf,21,context,0.35072971476551285
rf,21,demand_history,97.69212981947406
rf,21,spatial,0.09933364969776541
rf,21,weather,0.9051814525642254
rf,22,calendar_time,0.941748660111556
rf,22,context,0.34969760750383533
rf,22,demand_history,97.68883667736796
rf,22,spatial,0.09872549870511085
rf,22,weather,0.9209915563115313
rf,23,calendar_time,0.9513081167233689
rf,23,context,0.3474063397439181
rf,23,demand_history,97.64839381298948
rf,23,spatial,0.0977336129381967
rf,23,weather,0.955158117605047
rf,24,calendar_time,0.9623701494673034
rf,24,context,0.34424588433141595
rf,24,demand_history,97.60498622522228
rf,24,spatial,0.09583687987051476
rf,24,weather,0.9925608611085033
xgb,1,calendar_time,65.52145856618881
xgb,1,context,1.324752688407898
xgb,1,demand_history,7.9596869349479675
xgb,1,spatial,15.76876449584961
xgb,1,weather,9.425333887338638
xgb,2,calendar_time,65.56004789471626
xgb,2,context,1.3378021717071533
xgb,2,demand_history,8.061017155647278
xgb,2,spatial,15.199145317077637
xgb,2,weather,9.841982662677765
xgb,3,calendar_time,65.83203595876694
xgb,3,context,1.303091049194336
xgb,3,demand_history,8.56551218032837
xgb,3,spatial,15.412923812866211
xgb,3,weather,8.886440813541412
xgb,4,calendar_time,63.82262480258942
xgb,4,context,1.355239748954773
xgb,4,demand_history,9.659557044506073
xgb,4,spatial,17.148340225219727
xgb,4,weather,8.01424890756607
xgb,5,calendar_time,63.754633247852325
xgb,5,context,1.3102035522460938
xgb,5,demand_history,10.162301480770111
xgb,5,spatial,17.706533432006836
xgb,5,weather,7.066330075263977
xgb,6,calendar_time,64.25745493173599
xgb,6,context,1.3911421298980713
xgb,6,demand_history,10.535706102848053
xgb,6,spatial,17.200719833374023
xgb,6,weather,6.614972829818726
xgb,7,calendar_time,61.7018221616745
xgb,7,context,1.614506483078003
xgb,7,demand_history,10.484387814998627
xgb,7,spatial,20.19133949279785
xgb,7,weather,6.007949352264404
xgb,8,calendar_time,57.58470445871353
xgb,8,context,1.7636271715164185
xgb,8,demand_history,11.639281392097473
xgb,8,spatial,23.68377685546875
xgb,8,weather,5.32861864566803
xgb,9,calendar_time,57.21592253446579
xgb,9,context,1.604759693145752
xgb,9,demand_history,11.289220213890076
xgb,9,spatial,24.377927780151367
xgb,9,weather,5.512169301509857
xgb,10,calendar_time,58.7157763838768
xgb,10,context,1.6611416339874268
xgb,10,demand_history,11.037877023220062
xgb,10,spatial,23.273942947387695
xgb,10,weather,5.311252951622009
xgb,11,calendar_time,60.95919942855835
xgb,11,context,1.6469621658325195
xgb,11,demand_history,10.57682353258133
xgb,11,spatial,21.403955459594727
xgb,11,weather,5.413049697875977
xgb,12,calendar_time,63.129250168800354
xgb,12,context,1.5994287729263306
xgb,12,demand_history,10.493991613388062
xgb,12,spatial,19.257164001464844
xgb,12,weather,5.520160675048828
xgb,13,calendar_time,62.596560537815094
xgb,13,context,1.516506314277649
xgb,13,demand_history,9.938817322254181
xgb,13,spatial,20.664226531982422
xgb,13,weather,5.28388386964798
xgb,14,calendar_time,61.74369132518768
xgb,14,context,1.5557576417922974
xgb,14,demand_history,10.374424755573273
xgb,14,spatial,20.838773727416992
xgb,14,weather,5.487358331680298
xgb,15,calendar_time,61.04151141643524
xgb,15,context,1.5392744541168213
xgb,15,demand_history,10.256416201591492
xgb,15,spatial,21.4499568939209
xgb,15,weather,5.712840259075165
xgb,16,calendar_time,59.61152535676956
xgb,16,context,1.5232480764389038
xgb,16,demand_history,9.695308208465576
xgb,16,spatial,23.448429107666016
xgb,16,weather,5.721494793891907
xgb,17,calendar_time,61.65149986743927
xgb,17,context,1.7506967782974243
xgb,17,demand_history,9.632041990756989
xgb,17,spatial,21.437393188476562
xgb,17,weather,5.528378129005432
xgb,18,calendar_time,58.707649290561676
xgb,18,context,1.6870591640472412
xgb,18,demand_history,10.176530182361603
xgb,18,spatial,23.56952667236328
xgb,18,weather,5.859230160713196
xgb,19,calendar_time,59.173113107681274
xgb,19,context,1.5462791919708252
xgb,19,demand_history,9.849014520645142
xgb,19,spatial,23.730615615844727
xgb,19,weather,5.700971245765686
xgb,20,calendar_time,62.188585460186005
xgb,20,context,1.500059723854065
xgb,20,demand_history,9.539655327796936
xgb,20,spatial,20.91517448425293
xgb,20,weather,5.856526136398315
xgb,21,calendar_time,61.50437778234482
xgb,21,context,1.5800360441207886
xgb,21,demand_history,9.856687545776367
xgb,21,spatial,21.140605926513672
xgb,21,weather,5.918291926383972
xgb,22,calendar_time,62.10640013217926
xgb,22,context,1.5518579483032227
xgb,22,demand_history,8.973172962665558
xgb,22,spatial,20.830055236816406
xgb,22,weather,6.538522005081177
xgb,23,calendar_time,62.47412192821503
xgb,23,context,1.4228214025497437
xgb,23,demand_history,9.045729458332062
xgb,23,spatial,19.46633529663086
xgb,23,weather,7.590985298156738
xgb,24,calendar_time,61.78230136632919
xgb,24,context,1.240116834640503
xgb,24,demand_history,8.55229926109314
xgb,24,spatial,20.7188720703125
xgb,24,weather,7.706414759159088
