fsa,horizon,magnitude_c,metric,symmetry_residual
L4T,1,2.5,forecast_delta_kwh,-10.216982738176739
L4T,2,2.5,forecast_delta_kwh,61.861721816587306
L4T,3,2.5,forecast_delta_kwh,91.32070631256101
L4T,4,2.5,forecast_delta_kwh,91.8824861853409
L4T,5,2.5,forecast_delta_kwh,148.3313879302841
L4T,6,2.5,forecast_delta_kwh,133.38755004472114
L4T,7,2.5,forecast_delta_kwh,5.029558632544649
L4T,8,2.5,forecast_delta_kwh,-23.261384931252906
L4T,9,2.5,forecast_delta_kwh,70.08648995411022
L4T,10,2.5,forecast_delta_kwh,-42.72867224921356
L4T,11,2.5,forecast_delta_kwh,57.933961878219634
L4T,12,2.5,forecast_delta_kwh,53.21642248804892
L4T,13,2.5,forecast_delta_kwh,122.89076419673984
L4T,14,2.5,forecast_delta_kwh,10.907199859055254
L4T,15,2.5,forecast_delta_kwh,62.096715471869175
L4T,16,2.5,forecast_delta_kwh,23.818007237146958
L4T,17,2.5,forecast_delta_kwh,38.122301822308145
L4T,18,2.5,forecast_delta_kwh,16.07429905531899
L4T,19,2.5,forecast_delta_kwh,82.37930013303048
L4T,20,2.5,forecast_delta_kwh,7.7197940657188155
L4T,21,2.5,forecast_delta_kwh,57.43129679684171
L4T,22,2.5,forecast_delta_kwh,-2.3673537493941694
L4T,23,2.5,forecast_delta_kwh,5.461060437215565
L4T,24,2.5,forecast_delta_kwh,17.922082670374948
M5R,1,2.5,forecast_delta_kwh,117.93934840697693
M5R,2,2.5,forecast_delta_kwh,88.47331641956771
M5R,3,2.5,forecast_delta_kwh,93.12909916773242
M5R,4,2.5,forecast_delta_kwh,91.36805960737729
M5R,5,2.5,forecast_delta_kwh,154.2660595387788
M5R,6,2.5,forecast_delta_kwh,90.84167881307076
M5R,7,2.5,forecast_delta_kwh,80.25021597247905
M5R,8,2.5,forecast_delta_kwh,151.70190763439496
M5R,9,2.5,forecast_delta_kwh,25.684696654938307
M5R,10,2.5,forecast_delta_kwh,33.677565519807104
M5R,11,2.5,forecast_delta_kwh,154.1215341088864
M5R,12,2.5,forecast_delta_kwh,130.51596211186552
M5R,13,2.5,forecast_delta_kwh,-37.966623036681995
M5R,14,2.5,forecast_delta_kwh,23.10251896540649
M5R,15,2.5,forecast_delta_kwh,87.68666779002706
M5R,16,2.5,forecast_delta_kwh,99.32491562864016
M5R,17,2.5,forecast_delta_kwh,-4.699466835503699
M5R,18,2.5,forecast_delta_kwh,-9.553121416778595
M5R,19,2.5,forecast_delta_kwh,23.46633473404836
M5R,20,2.5,forecast_delta_kwh,24.42552902393072
M5R,21,2.5,forecast_delta_kwh,13.979721275252814
M5R,22,2.5,forecast_delta_kwh,12.21805752387263
M5R,23,2.5,forecast_delta_kwh,-87.8457525287231
M5R,24,2.5,forecast_delta_kwh,-28.747904752364775
M5S,1,2.5,forecast_delta_kwh,0.03295840066857636
M5S,2,2.5,forecast_delta_kwh,2.677547892212715
M5S,3,2.5,forecast_delta_kwh,30.528863698443274
M5S,4,2.5,forecast_delta_kwh,139.41944952058384
M5S,5,2.5,forecast_delta_kwh,35.84081184241677
M5S,6,2.5,forecast_delta_kwh,-22.95934391145056
M5S,7,2.5,forecast_delta_kwh,-18.75886257140519
M5S,8,2.5,forecast_delta_kwh,-1.4170030929544737
M5S,9,2.5,forecast_delta_kwh,-0.9219540807962403
M5S,10,2.5,forecast_delta_kwh,9.229978203426072
M5S,11,2.5,forecast_delta_kwh,-4.661257051871871
M5S,12,2.5,forecast_delta_kwh,6.6923979880411935
M5S,13,2.5,forecast_delta_kwh,-5.3107777838913535
M5S,14,2.5,forecast_delta_kwh,-22.802124399701825
M5S,15,2.5,forecast_delta_kwh,-4.796762356770159
M5S,16,2.5,forecast_delta_kwh,-4.324865401958959
M5S,17,2.5,forecast_delta_kwh,-8.66809483250654
M5S,18,2.5,forecast_delta_kwh,7.324740444862073
M5S,19,2.5,forecast_delta_kwh,-3.176476271127285
M5S,20,2.5,forecast_delta_kwh,17.302173206132466
M5S,21,2.5,forecast_delta_kwh,5.239370066106858
M5S,22,2.5,forecast_delta_kwh,28.250832311025988
M5S,23,2.5,forecast_delta_kwh,41.38813515543734
M5S,24,2.5,forecast_delta_kwh,14.450705036420914
M6G,1,2.5,forecast_delta_kwh,21.799118421280582
M6G,2,2.5,forecast_delta_kwh,99.90590685045026
M6G,3,2.5,forecast_delta_kwh,10.641930238185523
M6G,4,2.5,forecast_delta_kwh,137.02637605353812
M6G,5,2.5,forecast_delta_kwh,158.38072404632658
M6G,6,2.5,forecast_delta_kwh,108.09305943855907
M6G,7,2.5,forecast_delta_kwh,168.47376867343883
M6G,8,2.5,forecast_delta_kwh,145.0058355090041
M6G,9,2.5,forecast_delta_kwh,87.71314320179772
M6G,10,2.5,forecast_delta_kwh,34.50824196085523
M6G,11,2.5,forecast_delta_kwh,49.09889623399249
M6G,12,2.5,forecast_delta_kwh,24.04028509332602
M6G,13,2.5,forecast_delta_kwh,20.89598421543633
M6G,14,2.5,forecast_delta_kwh,519.8892495217169
M6G,15,2.5,forecast_delta_kwh,20.541085172690146
M6G,16,2.5,forecast_delta_kwh,18.076216350746108
M6G,17,2.5,forecast_delta_kwh,23.815291319937387
M6G,18,2.5,forecast_delta_kwh,38.213738420299705
M6G,19,2.5,forecast_delta_kwh,45.542253288571374
M6G,20,2.5,forecast_delta_kwh,105.16009692927037
M6G,21,2.5,forecast_delta_kwh,59.67758758372838
M6G,22,2.5,forecast_delta_kwh,35.44207971555261
M6G,23,2.5,forecast_delta_kwh,11.563409158547074
M6G,24,2.5,forecast_delta_kwh,20.560121472277388
M9R,1,2.5,forecast_delta_kwh,35.19757314994149
M9R,2,2.5,forecast_delta_kwh,-1.3486182591059332
M9R,3,2.5,forecast_delta_kwh,-56.49123190284445
M9R,4,2.5,forecast_delta_kwh,-2.5994472620322995
M9R,5,2.5,forecast_delta_kwh,39.67909420435444
M9R,6,2.5,forecast_delta_kwh,49.516781885608
M9R,7,2.5,forecast_delta_kwh,-9.86680235818676
M9R,8,2.5,forecast_delta_kwh,-20.53045713660231
M9R,9,2.5,forecast_delta_kwh,29.563406111606128
M9R,10,2.5,forecast_delta_kwh,54.69290515657485
M9R,11,2.5,forecast_delta_kwh,9.07894272487647
M9R,12,2.5,forecast_delta_kwh,25.93702782455148
M9R,13,2.5,forecast_delta_kwh,2.579531929633049
M9R,14,2.5,forecast_delta_kwh,14.490412712900252
M9R,15,2.5,forecast_delta_kwh,11.710275967544476
M9R,16,2.5,forecast_delta_kwh,-0.578796791748573
M9R,17,2.5,forecast_delta_kwh,-19.919762490980247
M9R,18,2.5,forecast_delta_kwh,6.877784021535263
M9R,19,2.5,forecast_delta_kwh,15.710533263354591
M9R,20,2.5,forecast_delta_kwh,15.532030253090852
M9R,21,2.5,forecast_delta_kwh,15.846507552445473
M9R,22,2.5,forecast_delta_kwh,-3.288878000472323
M9R,23,2.5,forecast_delta_kwh,-18.7918382268781
M9R,24,2.5,forecast_delta_kwh,11.217086966139505
M9W,1,2.5,forecast_delta_kwh,85.4262265916841
M9W,2,2.5,forecast_delta_kwh,238.19230125751528
M9W,3,2.5,forecast_delta_kwh,288.3953133830073
M9W,4,2.5,forecast_delta_kwh,137.80016802158025
M9W,5,2.5,forecast_delta_kwh,71.23933392547951
M9W,6,2.5,forecast_delta_kwh,139.29515912146599
M9W,7,2.5,forecast_delta_kwh,-22.48891526125226
M9W,8,2.5,forecast_delta_kwh,13.810078362679633
M9W,9,2.5,forecast_delta_kwh,112.90824032350429
M9W,10,2.5,forecast_delta_kwh,157.5448159537209
M9W,11,2.5,forecast_delta_kwh,41.44932909074487
M9W,12,2.5,forecast_delta_kwh,54.3013614641186
M9W,13,2.5,forecast_delta_kwh,97.7007009792651
M9W,14,2.5,forecast_delta_kwh,-34.81677876055437
M9W,15,2.5,forecast_delta_kwh,135.17641367776923
M9W,16,2.5,forecast_delta_kwh,181.97645943274983
M9W,17,2.5,forecast_delta_kwh,-18.801603875137516
M9W,18,2.5,forecast_delta_kwh,-61.78254484917488
M9W,19,2.5,forecast_delta_kwh,-88.6729266926177
M9W,20,2.5,forecast_delta_kwh,-113.06173418844628
M9W,21,2.5,forecast_delta_kwh,-76.82707682226828
M9W,22,2.5,forecast_delta_kwh,15.041711390173077
M9W,23,2.5,forecast_delta_kwh,0.20369715404740418
M9W,24,2.5,forecast_delta_kwh,13.139711542798977
L4T,1,2.5,peak_risk_delta,1.2890275684185326e-05
L4T,2,2.5,peak_risk_delta,-4.60135743196588e-06
L4T,3,2.5,peak_risk_delta,-6.453685273299925e-06
L4T,4,2.5,peak_risk_delta,3.3978776627918705e-06
L4T,5,2.5,peak_risk_delta,-3.266427665948868e-05
L4T,6,2.5,peak_risk_delta,6.158392352517694e-05
L4T,7,2.5,peak_risk_delta,5.270658220979385e-05
L4T,8,2.5,peak_risk_delta,4.0305156289832667e-05
L4T,9,2.5,peak_risk_delta,4.181744952802546e-05
L4T,10,2.5,peak_risk_delta,4.01094148401171e-05
L4T,11,2.5,peak_risk_delta,-6.839490379206836e-05
L4T,12,2.5,peak_risk_delta,1.5635916497558355e-05
L4T,13,2.5,peak_risk_delta,4.076655022799969e-05
L4T,14,2.5,peak_risk_delta,0.0003577019670046866
L4T,15,2.5,peak_risk_delta,-0.0007370614912360907
L4T,16,2.5,peak_risk_delta,-0.002440251410007477
L4T,17,2.5,peak_risk_delta,-0.0037031732499599457
L4T,18,2.5,peak_risk_delta,-0.017752066254615784
L4T,19,2.5,peak_risk_delta,-0.04765801876783371
L4T,20,2.5,peak_risk_delta,-0.04108591377735138
L4T,21,2.5,peak_risk_delta,0.03148069232702255
L4T,22,2.5,peak_risk_delta,-0.0005867406725883484
L4T,23,2.5,peak_risk_delta,0.002442267257720232
L4T,24,2.5,peak_risk_delta,0.0014699797611683607
M5R,1,2.5,peak_risk_delta,0.0002765092358458787
M5R,2,2.5,peak_risk_delta,0.0002484688302502036
M5R,3,2.5,peak_risk_delta,0.00030035647796466947
M5R,4,2.5,peak_risk_delta,0.0006580341141670942
M5R,5,2.5,peak_risk_delta,0.0023293085396289825
M5R,6,2.5,peak_risk_delta,0.005775138735771179
M5R,7,2.5,peak_risk_delta,0.006006536073982716
M5R,8,2.5,peak_risk_delta,0.007080504670739174
M5R,9,2.5,peak_risk_delta,0.004648358561098576
M5R,10,2.5,peak_risk_delta,-0.0007227095775306225
M5R,11,2.5,peak_risk_delta,0.007414167746901512
M5R,12,2.5,peak_risk_delta,0.020198866724967957
M5R,13,2.5,peak_risk_delta,0.034375060349702835
M5R,14,2.5,peak_risk_delta,-0.014657318592071533
M5R,15,2.5,peak_risk_delta,0.020458213984966278
M5R,16,2.5,peak_risk_delta,0.08790138363838196
M5R,17,2.5,peak_risk_delta,-0.07619103789329529
M5R,18,2.5,peak_risk_delta,-0.1931568682193756
M5R,19,2.5,peak_risk_delta,-0.14891976118087769
M5R,20,2.5,peak_risk_delta,-0.17976820468902588
M5R,21,2.5,peak_risk_delta,-0.18246620893478394
M5R,22,2.5,peak_risk_delta,-0.056832313537597656
M5R,23,2.5,peak_risk_delta,-0.054800622165203094
M5R,24,2.5,peak_risk_delta,0.0004724673926830292
M5S,1,2.5,peak_risk_delta,0.0011719074100255966
M5S,2,2.5,peak_risk_delta,0.0005383139359764755
M5S,3,2.5,peak_risk_delta,0.00035918416688218713
M5S,4,2.5,peak_risk_delta,0.0008073983481153846
M5S,5,2.5,peak_risk_delta,0.0026237950660288334
M5S,6,2.5,peak_risk_delta,0.002633515978232026
M5S,7,2.5,peak_risk_delta,0.0021313054021447897
M5S,8,2.5,peak_risk_delta,0.005257765296846628
M5S,9,2.5,peak_risk_delta,0.0014806371182203293
M5S,10,2.5,peak_risk_delta,5.403312388807535e-05
M5S,11,2.5,peak_risk_delta,0.008227914571762085
M5S,12,2.5,peak_risk_delta,0.01539598312228918
M5S,13,2.5,peak_risk_delta,0.03153657168149948
M5S,14,2.5,peak_risk_delta,-0.015900660306215286
M5S,15,2.5,peak_risk_delta,0.05630708113312721
M5S,16,2.5,peak_risk_delta,0.13070949912071228
M5S,17,2.5,peak_risk_delta,-0.051635682582855225
M5S,18,2.5,peak_risk_delta,-0.267819344997406
M5S,19,2.5,peak_risk_delta,-0.2071661353111267
M5S,20,2.5,peak_risk_delta,-0.19625717401504517
M5S,21,2.5,peak_risk_delta,-0.1942988634109497
M5S,22,2.5,peak_risk_delta,-0.07159870862960815
M5S,23,2.5,peak_risk_delta,-0.08982037007808685
M5S,24,2.5,peak_risk_delta,-0.006676703691482544
M6G,1,2.5,peak_risk_delta,6.968651723582298e-05
M6G,2,2.5,peak_risk_delta,6.64527906337753e-05
M6G,3,2.5,peak_risk_delta,4.275785249774344e-05
M6G,4,2.5,peak_risk_delta,7.291475048987195e-05
M6G,5,2.5,peak_risk_delta,0.00013932182628195733
M6G,6,2.5,peak_risk_delta,0.0002532143553253263
M6G,7,2.5,peak_risk_delta,0.000297297490760684
M6G,8,2.5,peak_risk_delta,0.00043034899863414466
M6G,9,2.5,peak_risk_delta,0.0004602398257702589
M6G,10,2.5,peak_risk_delta,0.0007760024163872004
M6G,11,2.5,peak_risk_delta,0.0014870301820337772
M6G,12,2.5,peak_risk_delta,0.009571075439453125
M6G,13,2.5,peak_risk_delta,0.007907167077064514
M6G,14,2.5,peak_risk_delta,-0.0019246609881520271
M6G,15,2.5,peak_risk_delta,0.0036361163947731256
M6G,16,2.5,peak_risk_delta,0.05926848575472832
M6G,17,2.5,peak_risk_delta,-0.05596160888671875
M6G,18,2.5,peak_risk_delta,-0.3357155919075012
M6G,19,2.5,peak_risk_delta,-0.12408679723739624
M6G,20,2.5,peak_risk_delta,-0.05074632167816162
M6G,21,2.5,peak_risk_delta,-0.06160551309585571
M6G,22,2.5,peak_risk_delta,0.0340503454208374
M6G,23,2.5,peak_risk_delta,-0.00988710019737482
M6G,24,2.5,peak_risk_delta,-0.00016850000247359276
M9R,1,2.5,peak_risk_delta,3.377538450877182e-05
M9R,2,2.5,peak_risk_delta,-3.1110175768844783e-06
M9R,3,2.5,peak_risk_delta,-9.679060894995928e-06
M9R,4,2.5,peak_risk_delta,-2.5733024813234806e-06
M9R,5,2.5,peak_risk_delta,-4.09922722610645e-05
M9R,6,2.5,peak_risk_delta,0.00011087504390161484
M9R,7,2.5,peak_risk_delta,0.0003271636087447405
M9R,8,2.5,peak_risk_delta,0.00034859118750318885
M9R,9,2.5,peak_risk_delta,0.00026797803002409637
M9R,10,2.5,peak_risk_delta,0.0001896910252980888
M9R,11,2.5,peak_risk_delta,0.00033194859861396253
M9R,12,2.5,peak_risk_delta,-5.154858808964491e-05
M9R,13,2.5,peak_risk_delta,0.0008479596581310034
M9R,14,2.5,peak_risk_delta,0.0010746855987235904
M9R,15,2.5,peak_risk_delta,0.0005627316422760487
M9R,16,2.5,peak_risk_delta,-0.00975816324353218
M9R,17,2.5,peak_risk_delta,-0.06885513663291931
M9R,18,2.5,peak_risk_delta,-0.09024949371814728
M9R,19,2.5,peak_risk_delta,-0.055866748094558716
M9R,20,2.5,peak_risk_delta,0.013940930366516113
M9R,21,2.5,peak_risk_delta,0.0008573234081268311
M9R,22,2.5,peak_risk_delta,0.023813262581825256
M9R,23,2.5,peak_risk_delta,0.006251238286495209
M9R,24,2.5,peak_risk_delta,0.0012422329746186733
M9W,1,2.5,peak_risk_delta,5.278833850752562e-05
M9W,2,2.5,peak_risk_delta,-1.3413591659627855e-05
M9W,3,2.5,peak_risk_delta,-1.179823448183015e-05
M9W,4,2.5,peak_risk_delta,4.566097049973905e-05
M9W,5,2.5,peak_risk_delta,3.4839584259316325e-05
M9W,6,2.5,peak_risk_delta,0.000462113122921437
M9W,7,2.5,peak_risk_delta,0.0016129498835653067
M9W,8,2.5,peak_risk_delta,0.002375795505940914
M9W,9,2.5,peak_risk_delta,0.002763119526207447
M9W,10,2.5,peak_risk_delta,0.03343620151281357
M9W,11,2.5,peak_risk_delta,0.12656554579734802
M9W,12,2.5,peak_risk_delta,0.06569257378578186
M9W,13,2.5,peak_risk_delta,0.21981976926326752
M9W,14,2.5,peak_risk_delta,0.17304667830467224
M9W,15,2.5,peak_risk_delta,-0.04534393548965454
M9W,16,2.5,peak_risk_delta,-0.17999616265296936
M9W,17,2.5,peak_risk_delta,-0.1405799388885498
M9W,18,2.5,peak_risk_delta,-0.06224644184112549
M9W,19,2.5,peak_risk_delta,-0.04690426588058472
M9W,20,2.5,peak_risk_delta,-0.03224915266036987
M9W,21,2.5,peak_risk_delta,0.020656168460845947
M9W,22,2.5,peak_risk_delta,1.959875226020813e-05
M9W,23,2.5,peak_risk_delta,-0.0011698799207806587
M9W,24,2.5,peak_risk_delta,0.00019086699467152357
L4T,1,5.0,forecast_delta_kwh,327.4408439316139
L4T,2,5.0,forecast_delta_kwh,244.34292129700862
L4T,3,5.0,forecast_delta_kwh,373.57386207741183
L4T,4,5.0,forecast_delta_kwh,294.5017538004968
L4T,5,5.0,forecast_delta_kwh,520.3134038678763
L4T,6,5.0,forecast_delta_kwh,236.7511149933489
L4T,7,5.0,forecast_delta_kwh,113.77842419447552
L4T,8,5.0,forecast_delta_kwh,94.26388753239007
L4T,9,5.0,forecast_delta_kwh,201.59192274344605
L4T,10,5.0,forecast_delta_kwh,3.7475588547749794
L4T,11,5.0,forecast_delta_kwh,166.4726698221766
L4T,12,5.0,forecast_delta_kwh,397.07036910870556
L4T,13,5.0,forecast_delta_kwh,344.6191499901124
L4T,14,5.0,forecast_delta_kwh,230.62038445186772
L4T,15,5.0,forecast_delta_kwh,306.87623377266937
L4T,16,5.0,forecast_delta_kwh,70.66384423989803
L4T,17,5.0,forecast_delta_kwh,95.51561443361243
L4T,18,5.0,forecast_delta_kwh,-1.059734397849752
L4T,19,5.0,forecast_delta_kwh,167.80831180385758
L4T,20,5.0,forecast_delta_kwh,56.85743908389668
L4T,21,5.0,forecast_delta_kwh,115.97262724590655
L4T,22,5.0,forecast_delta_kwh,-1.8580196165148664
L4T,23,5.0,forecast_delta_kwh,31.829882637586707
L4T,24,5.0,forecast_delta_kwh,27.648749493135256
M5R,1,5.0,forecast_delta_kwh,340.05491210350374
M5R,2,5.0,forecast_delta_kwh,548.6066287158446
M5R,3,5.0,forecast_delta_kwh,403.9184881745059
M5R,4,5.0,forecast_delta_kwh,410.1950959110836
M5R,5,5.0,forecast_delta_kwh,386.1588587664264
M5R,6,5.0,forecast_delta_kwh,274.77145279776596
M5R,7,5.0,forecast_delta_kwh,472.3608044921202
M5R,8,5.0,forecast_delta_kwh,364.6165719110704
M5R,9,5.0,forecast_delta_kwh,137.26495501266618
M5R,10,5.0,forecast_delta_kwh,163.62375191484898
M5R,11,5.0,forecast_delta_kwh,379.4041109714708
M5R,12,5.0,forecast_delta_kwh,329.59656505177736
M5R,13,5.0,forecast_delta_kwh,249.01715411151417
M5R,14,5.0,forecast_delta_kwh,296.3838516432734
M5R,15,5.0,forecast_delta_kwh,242.62246423676334
M5R,16,5.0,forecast_delta_kwh,123.20981895886507
M5R,17,5.0,forecast_delta_kwh,37.47746060006102
M5R,18,5.0,forecast_delta_kwh,53.15794274485597
M5R,19,5.0,forecast_delta_kwh,72.26824823226707
M5R,20,5.0,forecast_delta_kwh,34.42774185659982
M5R,21,5.0,forecast_delta_kwh,-47.63294372814562
M5R,22,5.0,forecast_delta_kwh,34.839585456875284
M5R,23,5.0,forecast_delta_kwh,-69.49872380173292
M5R,24,5.0,forecast_delta_kwh,-7.988481932125069
M5S,1,5.0,forecast_delta_kwh,36.35885965765465
M5S,2,5.0,forecast_delta_kwh,45.33014052557883
M5S,3,5.0,forecast_delta_kwh,51.99011391222939
M5S,4,5.0,forecast_delta_kwh,162.76370796162428
M5S,5,5.0,forecast_delta_kwh,123.31936911729736
M5S,6,5.0,forecast_delta_kwh,9.329407103112317
M5S,7,5.0,forecast_delta_kwh,-48.692735124505816
M5S,8,5.0,forecast_delta_kwh,6.574799509467994
M5S,9,5.0,forecast_delta_kwh,20.28720562829767
M5S,10,5.0,forecast_delta_kwh,-10.60449684710511
M5S,11,5.0,forecast_delta_kwh,-46.766733366359404
M5S,12,5.0,forecast_delta_kwh,-41.28931429972363
M5S,13,5.0,forecast_delta_kwh,-57.92387267428967
M5S,14,5.0,forecast_delta_kwh,-4.03659805191819
M5S,15,5.0,forecast_delta_kwh,16.15028031716247
M5S,16,5.0,forecast_delta_kwh,-2.75522376175104
M5S,17,5.0,forecast_delta_kwh,-18.482970294718143
M5S,18,5.0,forecast_delta_kwh,31.491397100708127
M5S,19,5.0,forecast_delta_kwh,12.058378015620292
M5S,20,5.0,forecast_delta_kwh,23.787261874409523
M5S,21,5.0,forecast_delta_kwh,24.05402839776798
M5S,22,5.0,forecast_delta_kwh,39.15948148458483
M5S,23,5.0,forecast_delta_kwh,66.80583121428026
M5S,24,5.0,forecast_delta_kwh,40.70183412175447
M6G,1,5.0,forecast_delta_kwh,407.121108455387
M6G,2,5.0,forecast_delta_kwh,320.69337965542945
M6G,3,5.0,forecast_delta_kwh,210.5076514937682
M6G,4,5.0,forecast_delta_kwh,319.398577127904
M6G,5,5.0,forecast_delta_kwh,520.6590572607529
M6G,6,5.0,forecast_delta_kwh,576.0965685340889
M6G,7,5.0,forecast_delta_kwh,518.1356701371769
M6G,8,5.0,forecast_delta_kwh,347.85202861808466
M6G,9,5.0,forecast_delta_kwh,417.8601394440684
M6G,10,5.0,forecast_delta_kwh,515.8757228781669
M6G,11,5.0,forecast_delta_kwh,331.8017892514181
M6G,12,5.0,forecast_delta_kwh,351.1082675173693
M6G,13,5.0,forecast_delta_kwh,157.56544275964188
M6G,14,5.0,forecast_delta_kwh,709.2484103941515
M6G,15,5.0,forecast_delta_kwh,72.32679426631694
M6G,16,5.0,forecast_delta_kwh,70.29470701326136
M6G,17,5.0,forecast_delta_kwh,36.60920665547019
M6G,18,5.0,forecast_delta_kwh,122.47696721014654
M6G,19,5.0,forecast_delta_kwh,91.62252999017073
M6G,20,5.0,forecast_delta_kwh,143.26733238636916
M6G,21,5.0,forecast_delta_kwh,86.3807957262834
M6G,22,5.0,forecast_delta_kwh,79.76334473178031
M6G,23,5.0,forecast_delta_kwh,-17.306197787818746
M6G,24,5.0,forecast_delta_kwh,-24.783800937773776
M9R,1,5.0,forecast_delta_kwh,170.3341298177429
M9R,2,5.0,forecast_delta_kwh,85.47007268770312
M9R,3,5.0,forecast_delta_kwh,46.50749945587722
M9R,4,5.0,forecast_delta_kwh,111.85852769188568
M9R,5,5.0,forecast_delta_kwh,244.94606195324377
M9R,6,5.0,forecast_delta_kwh,151.6913695911535
M9R,7,5.0,forecast_delta_kwh,16.851284065548498
M9R,8,5.0,forecast_delta_kwh,-30.378956747827942
M9R,9,5.0,forecast_delta_kwh,56.98017752906708
M9R,10,5.0,forecast_delta_kwh,65.96758543116266
M9R,11,5.0,forecast_delta_kwh,49.062203522542404
M9R,12,5.0,forecast_delta_kwh,49.70606513655457
M9R,13,5.0,forecast_delta_kwh,96.97897842758266
M9R,14,5.0,forecast_delta_kwh,33.7492122889862
M9R,15,5.0,forecast_delta_kwh,63.97711302947482
M9R,16,5.0,forecast_delta_kwh,17.194636189129596
M9R,17,5.0,forecast_delta_kwh,-29.792243688602866
M9R,18,5.0,forecast_delta_kwh,13.325453159943208
M9R,19,5.0,forecast_delta_kwh,22.31639472302595
M9R,20,5.0,forecast_delta_kwh,41.82380090431889
M9R,21,5.0,forecast_delta_kwh,56.23758334307331
M9R,22,5.0,forecast_delta_kwh,7.717977741765935
M9R,23,5.0,forecast_delta_kwh,32.97399941082131
M9R,24,5.0,forecast_delta_kwh,42.14667262052717
M9W,1,5.0,forecast_delta_kwh,297.81083973791283
M9W,2,5.0,forecast_delta_kwh,423.2023908801548
M9W,3,5.0,forecast_delta_kwh,370.378580175955
M9W,4,5.0,forecast_delta_kwh,207.53526854997835
M9W,5,5.0,forecast_delta_kwh,378.19736274758907
M9W,6,5.0,forecast_delta_kwh,213.84198219571044
M9W,7,5.0,forecast_delta_kwh,100.75320452014421
M9W,8,5.0,forecast_delta_kwh,263.02731962390317
M9W,9,5.0,forecast_delta_kwh,245.9743444504893
M9W,10,5.0,forecast_delta_kwh,287.7021986217642
M9W,11,5.0,forecast_delta_kwh,176.15068567903108
M9W,12,5.0,forecast_delta_kwh,236.09717832866954
M9W,13,5.0,forecast_delta_kwh,265.48421188680004
M9W,14,5.0,forecast_delta_kwh,-50.821588527674976
M9W,15,5.0,forecast_delta_kwh,188.1059021093206
M9W,16,5.0,forecast_delta_kwh,160.53513730405575
M9W,17,5.0,forecast_delta_kwh,-9.787076764028825
M9W,18,5.0,forecast_delta_kwh,14.533773633909732
M9W,19,5.0,forecast_delta_kwh,34.495973993956795
M9W,20,5.0,forecast_delta_kwh,-66.46955899639579
M9W,21,5.0,forecast_delta_kwh,-30.309509954498935
M9W,22,5.0,forecast_delta_kwh,15.053583582719511
M9W,23,5.0,forecast_delta_kwh,70.52323650343533
M9W,24,5.0,forecast_delta_kwh,26.1505215903926
L4T,1,5.0,peak_risk_delta,2.8980666684219614e-05
L4T,2,5.0,peak_risk_delta,-5.690852049156092e-06
L4T,3,5.0,peak_risk_delta,9.219074854627252e-07
L4T,4,5.0,peak_risk_delta,3.4333344956394285e-05
L4T,5,5.0,peak_risk_delta,1.2788295862264931e-06
L4T,6,5.0,peak_risk_delta,0.0001905276149045676
L4T,7,5.0,peak_risk_delta,6.909550575073808e-05
L4T,8,5.0,peak_risk_delta,5.00760979775805e-05
L4T,9,5.0,peak_risk_delta,2.291810596943833e-05
L4T,10,5.0,peak_risk_delta,1.8049868231173605e-06
L4T,11,5.0,peak_risk_delta,-0.0001725418260321021
L4T,12,5.0,peak_risk_delta,-0.0002452438056934625
L4T,13,5.0,peak_risk_delta,-0.00030783936381340027
L4T,14,5.0,peak_risk_delta,-0.00040050980169326067
L4T,15,5.0,peak_risk_delta,-0.0017635695403441787
L4T,16,5.0,peak_risk_delta,-0.005040527321398258
L4T,17,5.0,peak_risk_delta,-0.022033045068383217
L4T,18,5.0,peak_risk_delta,-0.05576282739639282
L4T,19,5.0,peak_risk_delta,-0.1159200668334961
L4T,20,5.0,peak_risk_delta,-0.169459730386734
L4T,21,5.0,peak_risk_delta,-0.03739238530397415
L4T,22,5.0,peak_risk_delta,-0.0036845384165644646
L4T,23,5.0,peak_risk_delta,-0.0021195118315517902
L4T,24,5.0,peak_risk_delta,0.0005783798405900598
M5R,1,5.0,peak_risk_delta,0.0015123161720111966
M5R,2,5.0,peak_risk_delta,0.00021800174727104604
M5R,3,5.0,peak_risk_delta,0.00021330895833671093
M5R,4,5.0,peak_risk_delta,0.0010526704136282206
M5R,5,5.0,peak_risk_delta,0.003003822872415185
M5R,6,5.0,peak_risk_delta,0.012589567340910435
M5R,7,5.0,peak_risk_delta,0.007219723425805569
M5R,8,5.0,peak_risk_delta,0.008503144606947899
M5R,9,5.0,peak_risk_delta,0.007046132814139128
M5R,10,5.0,peak_risk_delta,0.0012457356788218021
M5R,11,5.0,peak_risk_delta,0.01806790381669998
M5R,12,5.0,peak_risk_delta,0.0626932829618454
M5R,13,5.0,peak_risk_delta,0.10717716813087463
M5R,14,5.0,peak_risk_delta,0.10818657279014587
M5R,15,5.0,peak_risk_delta,0.10720351338386536
M5R,16,5.0,peak_risk_delta,0.1924750804901123
M5R,17,5.0,peak_risk_delta,-0.027046799659729004
M5R,18,5.0,peak_risk_delta,-0.22380787134170532
M5R,19,5.0,peak_risk_delta,-0.3000321388244629
M5R,20,5.0,peak_risk_delta,-0.31412166357040405
M5R,21,5.0,peak_risk_delta,-0.40624138712882996
M5R,22,5.0,peak_risk_delta,-0.29836520552635193
M5R,23,5.0,peak_risk_delta,-0.07804779708385468
M5R,24,5.0,peak_risk_delta,0.0023172423243522644
M5S,1,5.0,peak_risk_delta,0.0036980623845010996
M5S,2,5.0,peak_risk_delta,0.00039415108039975166
M5S,3,5.0,peak_risk_delta,0.00035619063419289887
M5S,4,5.0,peak_risk_delta,0.0011572657385841012
M5S,5,5.0,peak_risk_delta,0.004219328984618187
M5S,6,5.0,peak_risk_delta,0.005834309384226799
M5S,7,5.0,peak_risk_delta,0.00242049153894186
M5S,8,5.0,peak_risk_delta,0.006249385420233011
M5S,9,5.0,peak_risk_delta,0.0020417834166437387
M5S,10,5.0,peak_risk_delta,0.0009222247172147036
M5S,11,5.0,peak_risk_delta,0.014815051108598709
M5S,12,5.0,peak_risk_delta,0.02831815555691719
M5S,13,5.0,peak_risk_delta,0.0714210644364357
M5S,14,5.0,peak_risk_delta,0.04674066603183746
M5S,15,5.0,peak_risk_delta,0.14066845178604126
M5S,16,5.0,peak_risk_delta,0.26327207684516907
M5S,17,5.0,peak_risk_delta,0.00773194432258606
M5S,18,5.0,peak_risk_delta,-0.33481961488723755
M5S,19,5.0,peak_risk_delta,-0.37027013301849365
M5S,20,5.0,peak_risk_delta,-0.33654171228408813
M5S,21,5.0,peak_risk_delta,-0.419879287481308
M5S,22,5.0,peak_risk_delta,-0.32063987851142883
M5S,23,5.0,peak_risk_delta,-0.13741406798362732
M5S,24,5.0,peak_risk_delta,0.09529975056648254
M6G,1,5.0,peak_risk_delta,0.00020627272897399962
M6G,2,5.0,peak_risk_delta,3.194129385519773e-05
M6G,3,5.0,peak_risk_delta,1.4659490261692554e-05
M6G,4,5.0,peak_risk_delta,0.00010292017395840958
M6G,5,5.0,peak_risk_delta,0.00015067511412780732
M6G,6,5.0,peak_risk_delta,0.0004879593616351485
M6G,7,5.0,peak_risk_delta,0.0003168091061525047
M6G,8,5.0,peak_risk_delta,0.0003592640860006213
M6G,9,5.0,peak_risk_delta,6.355228833854198e-05
M6G,10,5.0,peak_risk_delta,0.001387253636494279
M6G,11,5.0,peak_risk_delta,0.004121692385524511
M6G,12,5.0,peak_risk_delta,0.023330090567469597
M6G,13,5.0,peak_risk_delta,0.018905390053987503
M6G,14,5.0,peak_risk_delta,0.009110159240663052
M6G,15,5.0,peak_risk_delta,0.008988922461867332
M6G,16,5.0,peak_risk_delta,0.09820877015590668
M6G,17,5.0,peak_risk_delta,-0.011733531951904297
M6G,18,5.0,peak_risk_delta,-0.451684832572937
M6G,19,5.0,peak_risk_delta,-0.2877223491668701
M6G,20,5.0,peak_risk_delta,-0.12678289413452148
M6G,21,5.0,peak_risk_delta,-0.2315133810043335
M6G,22,5.0,peak_risk_delta,-0.04314588010311127
M6G,23,5.0,peak_risk_delta,-0.00813067052513361
M6G,24,5.0,peak_risk_delta,-0.00027099635917693377
M9R,1,5.0,peak_risk_delta,4.958863792126067e-05
M9R,2,5.0,peak_risk_delta,-2.2049247490940616e-05
M9R,3,5.0,peak_risk_delta,-6.497682988992892e-06
M9R,4,5.0,peak_risk_delta,4.540737791103311e-05
M9R,5,5.0,peak_risk_delta,5.760084604844451e-06
M9R,6,5.0,peak_risk_delta,0.00021968665532767773
M9R,7,5.0,peak_risk_delta,0.0003918034490197897
M9R,8,5.0,peak_risk_delta,0.0003657946072053164
M9R,9,5.0,peak_risk_delta,0.00016304041491821408
M9R,10,5.0,peak_risk_delta,0.00010014881263487041
M9R,11,5.0,peak_risk_delta,-0.0001550588058307767
M9R,12,5.0,peak_risk_delta,-0.002298054751008749
M9R,13,5.0,peak_risk_delta,-0.0011955671943724155
M9R,14,5.0,peak_risk_delta,-0.0007954321336001158
M9R,15,5.0,peak_risk_delta,-0.003175873775035143
M9R,16,5.0,peak_risk_delta,-0.023584187030792236
M9R,17,5.0,peak_risk_delta,-0.15896469354629517
M9R,18,5.0,peak_risk_delta,-0.18494948744773865
M9R,19,5.0,peak_risk_delta,-0.2838193476200104
M9R,20,5.0,peak_risk_delta,-0.30591148138046265
M9R,21,5.0,peak_risk_delta,-0.23761269450187683
M9R,22,5.0,peak_risk_delta,-0.009140066802501678
M9R,23,5.0,peak_risk_delta,-0.03324288874864578
M9R,24,5.0,peak_risk_delta,-0.0006911833770573139
M9W,1,5.0,peak_risk_delta,0.00012529417290352285
M9W,2,5.0,peak_risk_delta,4.014218575321138e-07
M9W,3,5.0,peak_risk_delta,-2.3284923372557387e-05
M9W,4,5.0,peak_risk_delta,7.673264190088958e-05
M9W,5,5.0,peak_risk_delta,0.00013403472257778049
M9W,6,5.0,peak_risk_delta,0.0008147538756020367
M9W,7,5.0,peak_risk_delta,0.0018298272043466568
M9W,8,5.0,peak_risk_delta,0.00288986973464489
M9W,9,5.0,peak_risk_delta,0.002428583102300763
M9W,10,5.0,peak_risk_delta,0.03857160732150078
M9W,11,5.0,peak_risk_delta,0.13371583819389343
M9W,12,5.0,peak_risk_delta,0.041349858045578
M9W,13,5.0,peak_risk_delta,0.16916264593601227
M9W,14,5.0,peak_risk_delta,0.15104037523269653
M9W,15,5.0,peak_risk_delta,-0.2979273200035095
M9W,16,5.0,peak_risk_delta,-0.4687414765357971
M9W,17,5.0,peak_risk_delta,-0.4819302558898926
M9W,18,5.0,peak_risk_delta,-0.47970670461654663
M9W,19,5.0,peak_risk_delta,-0.4476572871208191
M9W,20,5.0,peak_risk_delta,-0.4767097234725952
M9W,21,5.0,peak_risk_delta,-0.16039630770683289
M9W,22,5.0,peak_risk_delta,-0.012118980288505554
M9W,23,5.0,peak_risk_delta,-0.012323916889727116
M9W,24,5.0,peak_risk_delta,-7.716781692579389e-05
