threshold,precision,recall,f1,balanced_accuracy,true_positive,false_positive,false_negative,true_negative,missed_peak_rate_pct,false_alarm_rate_pct,predicted_peak_rate_pct,actual_peak_rate_pct,n_observations
0.02,0.3140478406844544,0.7963684972708032,0.4504577218623324,0.8278433899053022,150129,327916,38388,2002991,20.363150272919682,14.068171746019898,18.97437668292435,7.4825436290199665,2519424
0.03,0.3372801565620033,0.7642759008471385,0.4680199319144513,0.8214105168537185,144079,283100,44438,2047807,23.572409915286155,12.145486713970142,16.955423144337754,7.4825436290199665,2519424
0.04,0.35473555235824356,0.7402409331784401,0.47962632947415634,0.815669988728027,139548,253838,48969,2077069,25.975906682155987,10.890095572238618,15.614124498298024,7.4825436290199665,2519424
0.05,0.3691143665090832,0.7214840040951214,0.4883743058784666,0.8108751476428161,136012,232470,52505,2098437,27.851599590487865,9.973370880948918,14.625644591779707,7.4825436290199665,2519424
0.06,0.3813600845862238,0.7059946848294849,0.4952168331751967,0.8066846838659458,133092,215901,55425,2115006,29.400531517051515,9.262531709759333,13.852094764517602,7.4825436290199665,2519424
0.07,0.3923399802756597,0.6921709978410435,0.5008088643084546,0.8027337049622043,130486,202098,58031,2128809,30.782900215895648,8.670358791663503,13.200795102372606,7.4825436290199665,2519424
0.08,0.4022817335908304,0.6806547950582706,0.5056898233445324,0.7994306564751165,128315,190653,60202,2140254,31.93452049417294,8.179348210803777,12.660354112686074,7.4825436290199665,2519424
0.09,0.4113250401049073,0.6705389964830758,0.5098782662009212,0.7964625016517983,126408,180911,62109,2149996,32.94610035169242,7.761399317947906,12.197986523903877,7.4825436290199665,2519424
0.1,0.4195441582011455,0.6609483494857228,0.5132789296115805,0.7934952219146276,124600,172389,63917,2158518,33.90516505142772,7.395790565646763,11.787972171416959,7.4825436290199665,2519424
0.11,0.427259428110764,0.6522382596794984,0.5163048498845265,0.7907627213687121,122958,164825,65559,2166082,34.776174032050164,7.071281694207449,11.422571190875374,7.4825436290199665,2519424
0.12,0.4344481282389674,0.6443609860118716,0.5189823122276339,0.7882602207685621,121473,158130,67044,2172777,35.56390139881284,6.784054447474738,11.097893804298126,7.4825436290199665,2519424
0.13,0.4412367800210197,0.6369292955012015,0.5213234543887566,0.7858477308165489,120072,152054,68445,2178853,36.30707044987985,6.52338338681037,10.801119620992734,7.4825436290199665,2519424
0.14,0.44770290849328287,0.6300333656911579,0.5234448854033305,0.7835868574600102,118772,146520,69745,2184387,36.99666343088422,6.285965077113759,10.529867144236142,7.4825436290199665,2519424
0.15,0.45388577412162917,0.6231109130741525,0.5252034337834213,0.7812376446295226,117467,141336,71050,2189571,37.688908692584754,6.0635623815107165,10.27230827363715,7.4825436290199665,2519424
0.16,0.45965315908273346,0.6168037895786587,0.5267573603692982,0.7790804761312704,116278,136691,72239,2194216,38.31962104213413,5.8642837316117715,10.040747408931566,7.4825436290199665,2519424
0.17,0.4651551958997078,0.6104383159078491,0.527984877751116,0.7768355716503955,115078,132319,73439,2198588,38.95616840921509,5.676717260705811,9.819585746583346,7.4825436290199665,2519424
0.18,0.4701701379429902,0.6042425882015946,0.5288411317785191,0.7745860899935549,113910,128364,74607,2202543,39.57574117984055,5.507040821448475,9.61624561804603,7.4825436290199665,2519424
0.19,0.47521657060033035,0.5982802611966029,0.529694519000688,0.7724230629503859,112786,124550,75731,2206357,40.171973880339706,5.3434135295831195,9.420248437738149,7.4825436290199665,2519424
0.2,0.48033800831266626,0.5928059538397068,0.530678531913176,0.7704682227662127,111754,120903,76763,2210004,40.71940461602932,5.186950830728124,9.234531384951481,7.4825436290199665,2519424
0.21,0.4850245101260333,0.5873104282372412,0.5312891384150291,0.7684386353361982,110718,117555,77799,2213352,41.268957176275876,5.043315756484493,9.06052335771986,7.4825436290199665,2519424
0.22,0.48976567068897015,0.5819528212309765,0.5318943658216126,0.7664595594498261,109708,114293,78809,2216614,41.804717876902345,4.903370233132424,8.890960791037951,7.4825436290199665,2519424
0.23,0.4942958345269112,0.5766535644000276,0.5323079785723379,0.764469545510605,108709,111218,79808,2219689,42.33464355999724,4.771447337881778,8.729257163542142,7.4825436290199665,2519424
0.24,0.4986807021442062,0.5714444851127485,0.5325887858091022,0.7624915859922128,107727,108297,80790,2222610,42.855551488725155,4.646131312832301,8.574340801707057,7.4825436290199665,2519424
0.25,0.5029223241071723,0.5664528928425553,0.532800463018401,0.7605861179997662,106786,105545,81731,2225362,43.354710715744474,4.528065684302291,8.427759678402683,7.4825436290199665,2519424
0.26,0.50706289787179,0.5615302598704626,0.5329084483643942,0.7586902466387291,105858,102909,82659,2227998,43.84697401295374,4.414976659300436,8.286298773052888,7.4825436290199665,2519424
0.27,0.5112335467025205,0.556687195319255,0.5329930547619954,0.7568212889617687,104945,100333,83572,2230574,44.331280468074496,4.304461739571764,8.14781473860692,7.4825436290199665,2519424
0.28,0.5151540646744994,0.5521570998901956,0.5330141458106638,0.7550637690036016,104091,97967,84426,2232940,44.78429001098044,4.2029561882992335,8.020007747802673,7.4825436290199665,2519424
0.29,0.5191714744153996,0.5475209132332893,0.5329694729015202,0.7532547049929206,103217,95594,85300,2235313,45.24790867667107,4.101150324744831,7.891129083473047,7.4825436290199665,2519424
0.3,0.5229504009807427,0.5430703862251149,0.5328205221618217,0.7515017898064624,102378,93392,86139,2237515,45.6929613774885,4.006680661219002,7.770426891225932,7.4825436290199665,2519424
0.31,0.5270371965808417,0.538672904830864,0.5327915298166822,0.7497882679533321,101549,91130,86968,2239777,46.13270951691359,3.909636892419989,7.647740118376264,7.4825436290199665,2519424
0.32,0.5310506279724557,0.5342648143138284,0.5326528723474582,0.7480539969071702,100718,88940,87799,2241967,46.57351856861715,3.8156820499487965,7.527831758370167,7.4825436290199665,2519424
0.33,0.5347863339402378,0.5297453280075537,0.5322538953304002,0.7462374288785659,99866,86874,88651,2244033,47.02546719924463,3.7270470250421828,7.412011634405324,7.4825436290199665,2519424
0.34,0.5386455829735403,0.5254592424025419,0.5319707104095118,0.7445298388847736,99058,84844,89459,2246063,47.454075759745805,3.63995646329948,7.299366839404563,7.4825436290199665,2519424
0.35,0.5426289410933498,0.5214755167968936,0.5318419735720952,0.742963346978343,98307,82861,90210,2248046,47.852448320310636,3.5548822840207697,7.190849972057105,7.4825436290199665,2519424
0.36,0.5462464684515,0.5169082894380879,0.5311725795769523,0.7410905175987856,97446,80946,91071,2249961,48.30917105619122,3.4727254240516676,7.080666057003506,7.4825436290199665,2519424
0.37,0.5498919103424735,0.5127389041837076,0.5306659127030966,0.7393975179906649,96660,79120,91857,2251787,48.726109581629245,3.3943868202377874,6.976991566326271,7.4825436290199665,2519424
0.38,0.5533075502193489,0.5084687322628728,0.5299413694828297,0.7376346047509952,95855,77385,92662,2253522,49.153126773712714,3.319952276088235,6.87617487171671,7.4825436290199665,2519424
0.39,0.5570039252445954,0.5043311743768466,0.5293605080079175,0.7359455063357767,95075,75615,93442,2255292,49.566882562315335,3.2440161705293264,6.774961260986638,7.4825436290199665,2519424
0.4,0.5607322714327334,0.5002678803503132,0.528777200271372,0.7342860320432578,94309,73880,94208,2257027,49.97321196496868,3.1695816263797743,6.675692539247066,7.4825436290199665,2519424
0.41,0.564355838215861,0.49613032246428707,0.5280484637707343,0.7325780568560358,93529,72198,94988,2258709,50.3869677535713,3.097420875221534,6.577971790377483,7.4825436290199665,2519424
0.42,0.5681843236688348,0.4921147694902847,0.5274207990448984,0.7309332292125535,92772,70506,95745,2260401,50.788523050971534,3.0248311065177633,6.480767032464563,7.4825436290199665,2519424
0.43,0.5715608473828447,0.4878870340605887,0.5264197163429069,0.7291544242007649,91975,68944,96542,2261963,51.21129659394113,2.9578185659058898,6.387134519636234,7.4825436290199665,2519424
0.44,0.5751229353171101,0.48391391757772506,0.5255907609963789,0.7275003545571193,91226,67394,97291,2263513,51.6086082422275,2.891320846348653,6.295883503530966,7.4825436290199665,2519424
0.45,0.5785859645979189,0.47959070004296694,0.524457696089379,0.725669732826117,90411,65851,98106,2265056,52.0409299957033,2.8251234390732876,6.202290682314688,7.4825436290199665,2519424
0.46,0.5821799925961045,0.4755008832094718,0.5234605389938393,0.7239504487264272,89640,64333,98877,2266574,52.44991167905282,2.759998575661749,6.1114365823299295,7.4825436290199665,2519424
0.47,0.5858271660263211,0.47154368041078526,0.522509389933521,0.7222906073634131,88894,62847,99623,2268060,52.84563195892148,2.696246568395908,6.022844904232079,7.4825436290199665,2519424
0.48,0.5894270592879557,0.4673000312969122,0.5213063726795553,0.7204871138252602,88094,61363,100423,2269544,53.26999687030878,2.6325803646391726,5.932189262307575,7.4825436290199665,2519424
0.49,0.5929386203150462,0.4632367372703788,0.5201237652510297,0.7187581386903653,87328,59952,101189,2270955,53.676326272962115,2.5720459889648106,5.84578062287253,7.4825436290199665,2519424
0.5,0.5963299591375473,0.45905674289321385,0.5187658480149143,0.716962233029244,86540,58581,101977,2272326,54.09432571067862,2.513227683472571,5.760086432454402,7.4825436290199665,2519424
0.51,0.5994086231965104,0.45486083483187195,0.5172254676948967,0.715137563175076,85749,57307,102768,2273600,54.51391651681281,2.4585708481719775,5.678123253569069,7.4825436290199665,2519424
0.52,0.6030633455592841,0.45091954571736237,0.5160103680411808,0.713457792513691,85006,55951,103511,2274956,54.90804542826376,2.4003960689980337,5.594810559874003,7.4825436290199665,2519424
0.53,0.6065487554482908,0.44660163274399656,0.514429216490184,0.711585848764968,84192,54613,104325,2276294,55.33983672560034,2.342993521406045,5.509394210740233,7.4825436290199665,2519424
0.54,0.6101882370175054,0.44191770503455924,0.5125966398705418,0.7095424811219386,83309,53221,105208,2277686,55.80822949654408,2.2832742790681912,5.419095793324188,7.4825436290199665,2519424
0.55,0.6138664721122064,0.43739821872828444,0.5108211162770528,0.7075731828471254,82457,51867,106060,2279040,56.26017812717156,2.2251853034033533,5.331536097139663,7.4825436290199665,2519424
0.56,0.617755707624296,0.4328946461061867,0.5090621013595491,0.7056154880635378,81608,50496,106909,2280411,56.710535389381334,2.1663669979111138,5.2434207183864245,7.4825436290199665,2519424
0.57,0.6212087396199697,0.428173586467003,0.5069366376305526,0.7035288859467672,80718,49219,107799,2281688,57.1826413532997,2.111581457346861,5.15740899507189,7.4825436290199665,2519424
0.58,0.6247253219890989,0.42377080051135974,0.5049906129699047,0.7015913387594468,79888,47989,108629,2282918,57.62291994886402,2.0588122992466023,5.075644274246812,7.4825436290199665,2519424
0.59,0.6286411820372328,0.41933088262597007,0.5030833752299008,0.6996483106423921,79051,46698,109466,2284209,58.06691173740299,2.003426134118607,4.991180523802266,7.4825436290199665,2519424
0.6,0.632157325721494,0.4146946959690638,0.5008392486482331,0.6975893439114393,78177,45490,110340,2285417,58.530530403093614,1.9516008146185155,4.908542587512066,7.4825436290199665,2519424
0.61,0.6358064808035604,0.4099789408912724,0.49851004269920923,0.6954929525665445,77288,44271,111229,2286636,59.00210591087276,1.8993035758183403,4.82487266930854,7.4825436290199665,2519424
0.62,0.6394772533194917,0.40517831283120354,0.49605309728766117,0.6933517651340105,76383,43063,112134,2287844,59.48216871687965,1.8474782563182486,4.741004293044759,7.4825436290199665,2519424
0.63,0.6432393742118,0.4004307303850581,0.4935904770934342,0.6912343118943923,75488,41868,113029,2289039,59.95692696149418,1.7962106596273466,4.658048823858152,7.4825436290199665,2519424
0.64,0.64732786003159,0.3956619296933433,0.491132305929684,0.689113971847809,74589,40637,113928,2290270,60.43380703066566,1.743398599772535,4.573505690189504,7.4825436290199665,2519424
0.65,0.6511321422253671,0.3905058960199876,0.4882136237179891,0.6867920784858129,73617,39443,114900,2291464,60.949410398001234,1.6921739048361861,4.48753365848702,7.4825436290199665,2519424
0.66,0.655189521730502,0.38528620760992377,0.48523089770354905,0.6844435059660091,72633,38225,115884,2292682,61.47137923900762,1.639919567790564,4.400132728750698,7.4825436290199665,2519424
0.67,0.6591554473188439,0.38047497042707024,0.48246404692397726,0.6822815693404436,71726,37089,116791,2293818,61.95250295729298,1.5911831746182923,4.3190427653304875,7.4825436290199665,2519424
0.68,0.6631016544031495,0.3752605865783988,0.4792853706953205,0.6799204189784698,70743,35942,117774,2294965,62.473941342160124,1.5419748621459373,4.23449963166184,7.4825436290199665,2519424
0.69,0.6668100975329891,0.36991358869491875,0.4758492922138405,0.6774822361604532,69735,34845,118782,2296062,63.008641130508124,1.4949116374012348,4.150948788294468,7.4825436290199665,2519424
0.7,0.6713055715723738,0.36437032203992215,0.47235593453445196,0.6749705874655465,68690,33633,119827,2297274,63.56296779600778,1.442914710882931,4.061364819895341,7.4825436290199665,2519424
0.71,0.6755064750931076,0.35887479643745657,0.46872899851040983,0.6724660776126294,67654,32499,120863,2298408,64.11252035625435,1.3942641212197655,3.975234021744653,7.4825436290199665,2519424
0.72,0.6797012122943794,0.3533262252210676,0.46495621490124356,0.6699301112509772,66608,31388,121909,2299519,64.66737747789324,1.3466002719113204,3.8896192145506276,7.4825436290199665,2519424
0.73,0.6843622688812284,0.34752303505784626,0.46096528723258295,0.6672799204510474,65514,30216,123003,2300691,65.24769649421538,1.2963194155751387,3.799678021643042,7.4825436290199665,2519424
0.74,0.6893239195549851,0.34181532699968703,0.45701195402787975,0.6646778997211943,64438,29042,124079,2301865,65.81846730003129,1.245952755729851,3.7103718945282727,7.4825436290199665,2519424
0.75,0.6942152387640449,0.3356089901706477,0.4524750315569652,0.6618265646059011,63268,27868,125249,2303039,66.43910098293523,1.1955860958845634,3.617334755880709,7.4825436290199665,2519424
0.76,0.6987730751913552,0.329301866675154,0.44764689551732967,0.6589104640696053,62079,26761,126438,2304146,67.06981333248461,1.1480938535943306,3.526202814611594,7.4825436290199665,2519424
0.77,0.7044373734451836,0.3229470021271291,0.4428643132006023,0.6559940889720483,60881,25544,127636,2305363,67.70529978728709,1.0958824183032614,3.4303475715084084,7.4825436290199665,2519424
0.78,0.7092906973975571,0.3160404631943008,0.437252995247968,0.6527821418749951,59579,24419,128938,2306488,68.39595368056992,1.0476179444310734,3.334016029060611,7.4825436290199665,2519424
0.79,0.714129861851702,0.30903313759501794,0.43138735856880517,0.6495140097078499,58258,23321,130259,2307586,69.0966862404982,1.000511817931818,3.2380020195092207,7.4825436290199665,2519424
0.8,0.7193024578252354,0.30194624357485,0.42534335629847714,0.6462082384179899,56922,22213,131595,2308694,69.805375642515,0.9529766738870319,3.1409957196565563,7.4825436290199665,2519424
0.81,0.7249094925045417,0.2942174976262088,0.4185563898426593,0.6425937681639408,55465,21048,133052,2309859,70.57825023737912,0.9029961298327218,3.036924312858812,7.4825436290199665,2519424
0.82,0.7307088956806318,0.28662136571237606,0.41173803545642623,0.639039169664113,54033,19913,134484,2310994,71.33786342876239,0.8543026384150033,2.9350359447238734,7.4825436290199665,2519424
0.83,0.7367386481705092,0.27834094537893134,0.40403635957634393,0.6351484332001167,52472,18750,136045,2312157,72.16590546210686,0.8044078978697992,2.8269159934969266,7.4825436290199665,2519424
0.84,0.7423930350438962,0.2695884190815682,0.3955419614435702,0.6310113473330684,50822,17635,137695,2313272,73.04115809184317,0.7565724415431417,2.7171686861758877,7.4825436290199665,2519424
0.85,0.7484943203476405,0.26040091875003313,0.3863802724890005,0.6266621371682533,49090,16495,139427,2314412,73.95990812499669,0.707664441352658,2.6031743763653914,7.4825436290199665,2519424
0.86,0.7553930413399971,0.250948190348881,0.37674003758799735,0.6221880352844492,47308,15319,141209,2315588,74.9051809651119,0.6572119779982643,2.4857665879185085,7.4825436290199665,2519424
0.87,0.7634061985829892,0.24119840650975774,0.36657677594637195,0.6175763456290705,45470,14092,143047,2316815,75.88015934902423,0.6045715251616646,2.3641117969821672,7.4825436290199665,2519424
0.88,0.7720229326044126,0.23072189775988372,0.3552700362662136,0.6126057982025446,43495,12844,145022,2318063,76.92781022401162,0.5510301354794507,2.236185731341767,7.4825436290199665,2519424
0.89,0.7808770967680932,0.2190359490125559,0.3421100598187211,0.6070324613562467,41292,11587,147225,2319320,78.09640509874441,0.49710263000625937,2.0988527536452777,7.4825436290199665,2519424
0.9,0.7890545852413178,0.20657553430194625,0.3274295731720134,0.6010545163177138,38943,10411,149574,2320496,79.34244656980538,0.4466501666518656,1.9589398211654725,7.4825436290199665,2519424
