fsa,hour,mean,median,maximum
L4T,0,9475.024424972618,9241.6,20225.9
L4T,1,8699.170481927711,8489.0,18677.4
L4T,2,8199.027765607885,8028.299999999999,17704.9
L4T,3,7996.981818181818,7831.75,17137.8
L4T,4,8097.008159912377,7950.299999999999,16877.300000000003
L4T,5,8379.681270536692,8246.650000000001,16923.3
L4T,6,8943.253943044907,8758.15,17923.5
L4T,7,9772.10251916758,9528.95,19844.0
L4T,8,10684.661226725082,10293.0,21533.8
L4T,9,11615.360898138006,11059.800000000001,22983.3
L4T,10,12482.356188389922,11786.5,24248.200000000004
L4T,11,13162.906790799563,12387.7,25623.699999999997
L4T,12,13477.826725082148,12648.4,26406.800000000003
L4T,13,13557.711226725081,12646.05,26746.6
L4T,14,13633.493537787514,12564.75,27011.6
L4T,15,13817.588499452355,12711.95,27578.800000000003
L4T,16,14017.93417305586,12970.899999999998,27570.0
L4T,17,14246.35509309967,13353.0,27729.5
L4T,18,14457.420372398687,13642.5,27796.600000000002
L4T,19,14488.964457831325,13788.1,27400.800000000003
L4T,20,14122.78417305586,13524.1,27129.600000000002
L4T,21,13144.517141292443,12671.45,26122.800000000003
L4T,22,11815.036254107337,11463.650000000001,24347.1
L4T,23,10544.236418400877,10253.25,22219.699999999997
M5R,0,6371.615991237679,6175.799999999999,12070.300000000001
M5R,1,5969.88483023001,5748.85,11376.9
M5R,2,5730.463253012048,5504.5,10860.900000000001
M5R,3,5610.581872946331,5371.5,10517.8
M5R,4,5624.406462212486,5395.9,10332.3
M5R,5,5853.112486308872,5611.200000000001,10467.800000000001
M5R,6,6390.539485213581,6165.65,11254.199999999999
M5R,7,7053.122179627601,6800.75,12441.0
M5R,8,7540.307009857612,7266.85,13334.800000000001
M5R,9,7873.93543263965,7603.1,14236.0
M5R,10,8125.947590361447,7856.25,14847.5
M5R,11,8332.71308871851,8040.050000000001,15321.3
M5R,12,8378.555585980284,8089.0,15567.699999999999
M5R,13,8317.020098576122,8026.4,15994.300000000001
M5R,14,8277.186637458926,8015.299999999999,16317.800000000001
M5R,15,8409.403121577217,8136.6,16543.0
M5R,16,8838.29534501643,8585.85,16658.6
M5R,17,9402.55969331873,9175.2,16999.0
M5R,18,9628.846440306683,9348.149999999998,16854.0
M5R,19,9475.212924424974,9169.599999999999,16479.8
M5R,20,9177.302847754656,8882.0,16106.599999999999
M5R,21,8643.438554216867,8380.55,15302.1
M5R,22,7842.136966046002,7606.85,14216.5
M5R,23,7022.2910733844465,6840.799999999999,13024.099999999999
M5S,0,3637.440416210296,3522.75,6128.0
M5S,1,3355.2411281489594,3246.45,5788.3
M5S,2,3163.5001642935376,3060.65,5551.0
M5S,3,3053.7959474260683,2954.2,5394.1
M5S,4,3018.99704271632,2908.6499999999996,5313.8
M5S,5,3085.479244249726,2963.25,5359.2
M5S,6,3311.503614457831,3205.5,5539.400000000001
M5S,7,3646.9257940854327,3529.05,5923.799999999999
M5S,8,3928.0456736035053,3800.2,6214.5
M5S,9,4124.381982475356,4013.15,6385.7
M5S,10,4285.422836801752,4175.4,6502.9
M5S,11,4424.282475355969,4314.4,6657.2
M5S,12,4453.481599123768,4347.8,6768.099999999999
M5S,13,4408.516429353779,4299.2,6848.9
M5S,14,4380.9158269441405,4270.049999999999,6995.0
M5S,15,4444.604928806133,4347.55,7190.299999999999
M5S,16,4654.786089813801,4564.9,7440.700000000001
M5S,17,4933.790854326397,4840.25,7462.2
M5S,18,5079.639320920044,4967.65,7583.1
M5S,19,5055.983899233297,4941.8,7622.4
M5S,20,4955.071631982476,4837.299999999999,7428.1
M5S,21,4759.860186199342,4644.65,7207.099999999999
M5S,22,4426.705421686746,4311.3,7190.700000000001
M5S,23,4021.6263417305586,3902.2999999999997,6629.3
M6G,0,9501.196276013143,9347.2,19264.9
M6G,1,8800.26516976999,8618.55,18074.399999999998
M6G,2,8347.61582694414,8139.85,17102.4
M6G,3,8105.16182913472,7875.450000000001,16498.600000000002
M6G,4,8094.737404162103,7844.7,16226.300000000001
M6G,5,8402.138116100767,8153.200000000001,16312.199999999999
M6G,6,9174.66286966046,8947.45,17590.0
M6G,7,10141.323932092004,9867.8,19435.4
M6G,8,10910.85317634173,10599.5,20696.3
M6G,9,11563.514841182914,11257.8,22143.0
M6G,10,12151.168346111719,11859.75,23378.0
M6G,11,12629.753012048193,12312.0,24375.9
M6G,12,12798.114676889374,12479.150000000001,24904.3
M6G,13,12785.144414019715,12463.5,25681.9
M6G,14,12812.742059145674,12490.95,26023.2
M6G,15,13077.672015334065,12752.15,26820.5
M6G,16,13692.630777656079,13354.8,26743.399999999998
M6G,17,14354.810186199342,14108.45,27460.100000000002
M6G,18,14576.31265060241,14326.95,27119.9
M6G,19,14367.361993428258,14105.8,26609.0
M6G,20,13925.581161007667,13655.0,26015.399999999998
M6G,21,13100.298411829133,12863.899999999998,24579.0
M6G,22,11851.696166484118,11684.75,22800.3
M6G,23,10550.064841182913,10402.9,20900.7
M9R,0,4432.127053669223,4268.7,11042.3
M9R,1,4034.188116100767,3881.45,10459.3
M9R,2,3794.8822015334067,3643.0,9890.199999999999
M9R,3,3688.7368017524645,3551.45,9336.9
M9R,4,3721.9752464403064,3583.35,8987.2
M9R,5,3940.790799561884,3834.3500000000004,9097.0
M9R,6,4358.1174698795185,4259.65,9738.5
M9R,7,4758.15591456736,4582.45,10607.800000000001
M9R,8,5066.886308871851,4924.900000000001,11706.900000000001
M9R,9,5365.253395399781,5167.55,12518.0
M9R,10,5674.09008762322,5371.45,13309.600000000002
M9R,11,5959.390963855422,5610.849999999999,14035.9
M9R,12,6071.109200438116,5671.95,14539.699999999999
M9R,13,6099.06812705367,5624.200000000001,14873.7
M9R,14,6216.425027382256,5643.2,15177.000000000002
M9R,15,6544.609419496167,5890.450000000001,15715.399999999998
M9R,16,7028.9116100766705,6386.0,16084.7
M9R,17,7330.922617743701,6917.75,16243.6
M9R,18,7340.816100766703,6997.85,15998.099999999999
M9R,19,7254.325684556407,6927.950000000001,15985.4
M9R,20,7045.957447973713,6728.849999999999,15559.3
M9R,21,6513.757338444688,6270.5,14734.2
M9R,22,5749.226506024096,5560.549999999999,13284.300000000001
M9R,23,5018.508762322015,4847.25,11917.9
M9W,0,9833.698630887186,9805.75,22467.1
M9W,1,9124.555695509309,9156.7,21117.2
M9W,2,8684.086035049288,8820.95,19950.2
M9W,3,8526.644359255202,8735.25,19302.8
M9W,4,8711.894030668127,9060.5,19199.7
M9W,5,9173.042935377875,9708.7,19763.2
M9W,6,9982.177765607887,10709.5,21927.3
M9W,7,10946.265498357065,11683.5,24795.9
M9W,8,11884.349452354874,12750.2,27452.899999999998
M9W,9,12815.242935377875,13738.05,29556.6
M9W,10,13601.923658269443,14456.4,31054.5
M9W,11,14146.603340635267,14916.45,32288.399999999998
M9W,12,14363.482365826945,14979.0,32941.0
M9W,13,14380.137458926616,14899.05,33566.5
M9W,14,14427.625684556408,14851.199999999999,33712.2
M9W,15,14616.791511500549,14866.900000000001,33617.200000000004
M9W,16,14912.576396495071,14962.2,33203.0
M9W,17,15109.636473165388,14973.050000000001,32709.0
M9W,18,15093.810295728368,15044.45,32295.9
M9W,19,14922.241456736034,14914.300000000001,31603.4
M9W,20,14468.422343921138,14448.1,30996.5
M9W,21,13432.715662650602,13325.25,29075.8
M9W,22,12085.583242059145,11942.1,26280.8
M9W,23,10854.410186199342,10743.6,23847.699999999997
