date_analysis,total,mean,maximum
2021-01-01,1199266.2,8328.2375,15086.9
2021-01-02,1210297.9,8404.846527777778,15760.5
2021-01-03,1231790.8,8554.102777777778,16191.8
2021-01-04,1201745.7,8345.45625,15722.400000000001
2021-01-05,1192516.3,8281.363194444444,15770.100000000002
2021-01-06,1195872.9,8304.672916666666,15802.199999999999
2021-01-07,1201846.2,8346.154166666667,15761.3
2021-01-08,1248293.9,8668.707638888889,15784.5
2021-01-09,1258961.0,8742.784722222223,16159.6
2021-01-10,1266622.6,8795.990277777779,16380.4
2021-01-11,1231048.9,8548.950694444444,16102.0
2021-01-12,1234760.3,8574.724305555555,16113.099999999999
2021-01-13,1205396.8,8370.811111111112,15535.900000000001
2021-01-14,1163492.9,8079.811805555555,14919.9
2021-01-15,1153999.0,8013.881944444444,14942.6
2021-01-16,1190058.7,8264.296527777777,15457.4
2021-01-17,1226371.1,8516.465972222222,16094.7
2021-01-18,1193595.2,8288.855555555556,15680.2
2021-01-19,1207130.6,8382.85138888889,16260.3
2021-01-20,1264459.7,8780.970138888888,16652.5
2021-01-21,1219838.0,8471.097222222223,15474.599999999999
2021-01-22,1226041.0,8514.173611111111,15993.4
2021-01-23,1332494.1,9253.431250000001,17216.1
2021-01-24,1331385.5,9245.732638888889,17053.0
2021-01-25,1210175.3,8403.99513888889,15740.3
2021-01-26,1253750.2,8706.59861111111,16325.2
2021-01-27,1252292.9,8696.478472222221,16596.600000000002
2021-01-28,1330808.6,9241.72638888889,17452.899999999998
2021-01-29,1377877.4,9568.593055555555,17296.5
2021-01-30,1353249.4,9397.565277777778,16927.9
2021-01-31,1388380.7,9641.532638888888,18099.5
2021-02-01,1342323.1,9321.688194444445,17354.2
2021-02-02,1319608.2,9163.945833333333,17322.5
2021-02-03,1281284.4,8897.808333333332,16616.7
2021-02-04,1215740.2,8442.640277777777,15631.0
2021-02-05,1276149.4,8862.14861111111,16713.2
2021-02-06,1400262.9,9724.047916666666,17848.7
2021-02-07,1395856.3,9693.446527777778,18533.0
2021-02-08,1373863.7,9540.720138888888,17685.9
2021-02-09,1321919.3,9179.99513888889,17099.5
2021-02-10,1333681.6,9261.677777777779,17410.4
2021-02-11,1310769.0,9102.5625,16897.100000000002
2021-02-12,1385780.8,9623.477777777778,17561.5
2021-02-13,1455005.7,10104.20625,18234.2
2021-02-14,1361347.0,9453.798611111111,16791.899999999998
2021-02-15,1343737.4,9331.509722222221,17675.8
2021-02-16,1378037.9,9569.707638888889,17899.899999999998
2021-02-17,1341029.8,9312.706944444444,17268.8
2021-02-18,1329389.5,9231.871527777777,17399.399999999998
2021-02-19,1293857.8,8985.123611111112,16247.3
2021-02-20,1312057.1,9111.50763888889,16800.1
2021-02-21,1324685.8,9199.206944444444,17124.100000000002
2021-02-22,1252461.1,8697.646527777779,16296.2
2021-02-23,1198157.3,8320.536805555555,15285.800000000001
2021-02-24,1159256.2,8050.390277777778,15044.699999999999
2021-02-25,1173314.9,8148.020138888888,15270.1
2021-02-26,1170065.2,8125.452777777778,14619.4
2021-02-27,1198498.2,8322.904166666667,14761.300000000001
2021-02-28,1224314.3,8502.18263888889,15798.400000000001
2021-03-01,1222412.9,8488.978472222221,16604.4
2021-03-02,1296224.5,9001.559027777777,16476.0
2021-03-03,1158462.0,8044.875,14770.0
2021-03-04,1205621.8,8372.373611111112,16305.1
2021-03-05,1252902.6,8700.712500000001,15586.5
2021-03-06,1309012.0,9090.361111111111,16147.1
2021-03-07,1294562.6,8990.018055555556,16227.2
2021-03-08,1198969.4,8326.176388888889,14890.7
2021-03-09,1079591.2,7497.161111111111,13953.3
2021-03-10,1044601.3,7254.175694444445,13241.7
2021-03-11,980040.5,6805.836805555556,12758.9
2021-03-12,1039347.4,7217.690277777778,13637.599999999999
2021-03-13,1166825.4,8102.954166666666,14321.5
2021-03-14,1194108.9,8292.422916666666,15527.3
2021-03-15,1199701.7,8331.261805555556,15084.4
2021-03-16,1177663.4,8178.218055555555,14818.800000000001
2021-03-17,1078086.8,7486.713888888889,13073.0
2021-03-18,1094639.8,7601.665277777778,13837.8
2021-03-19,1123940.3,7805.140972222222,13569.599999999999
2021-03-20,1090844.3,7575.307638888889,13011.9
2021-03-21,1062478.6,7378.323611111112,13490.699999999999
2021-03-22,991609.0,6886.173611111111,12132.900000000001
2021-03-23,961103.1,6674.327083333334,12049.8
2021-03-24,941123.5,6535.579861111111,11693.599999999999
2021-03-25,916081.8,6361.679166666667,11454.8
2021-03-26,989372.7,6870.643749999999,12587.400000000001
2021-03-27,1065619.0,7400.131944444444,13273.6
2021-03-28,1118745.3,7769.064583333334,14105.600000000002
2021-03-29,1051267.2,7300.466666666666,12968.3
2021-03-30,975534.1,6774.542361111111,11683.2
2021-03-31,985804.0,6845.861111111111,12537.900000000001
2021-04-01,1081799.3,7512.495138888889,13440.9
2021-04-02,1126223.8,7820.998611111111,13036.2
2021-04-03,1121143.5,7785.71875,13422.6
2021-04-04,1039196.6,7216.643055555555,12644.6
2021-04-05,975413.0,6773.701388888889,12156.8
2021-04-06,955563.6,6635.858333333334,11856.6
2021-04-07,926656.9,6435.117361111112,11298.900000000001
2021-04-08,898693.5,6240.927083333333,11268.6
2021-04-09,894540.0,6212.083333333333,11287.8
2021-04-10,923079.8,6410.276388888889,12090.3
2021-04-11,971274.3,6744.960416666667,12612.6
2021-04-12,962955.1,6687.188194444444,12147.300000000001
2021-04-13,928113.8,6445.234722222222,11175.9
2021-04-14,911716.4,6331.363888888889,11324.7
2021-04-15,974268.4,6765.752777777778,12150.6
2021-04-16,982307.6,6821.580555555555,12179.4
2021-04-17,1028897.9,7145.124305555556,12707.599999999999
2021-04-18,1006400.4,6988.891666666666,12529.8
2021-04-19,947611.5,6580.635416666667,11925.2
2021-04-20,1007140.1,6994.028472222222,12741.400000000001
2021-04-21,1070269.5,7432.427083333333,13021.800000000001
2021-04-22,1078531.7,7489.803472222222,12883.5
2021-04-23,976013.6,6777.872222222222,11409.5
2021-04-24,948114.0,6584.125,11870.3
2021-04-25,995470.0,6912.986111111111,13366.4
2021-04-26,986201.9,6848.624305555556,12013.3
2021-04-27,952104.8,6611.838888888889,11497.099999999999
2021-04-28,934503.8,6489.609722222222,11281.2
2021-04-29,959633.2,6664.1194444444445,12029.900000000001
2021-04-30,977226.4,6786.294444444445,12301.499999999998
2021-05-01,1000744.9,6949.617361111112,12171.300000000001
2021-05-02,975995.1,6777.74375,12289.099999999999
2021-05-03,923672.8,6414.394444444445,11655.1
2021-05-04,944174.5,6556.767361111111,11559.1
2021-05-05,939592.0,6524.944444444444,11621.9
2021-05-06,921780.3,6401.252083333334,11331.5
2021-05-07,933657.2,6483.730555555555,11452.4
2021-05-08,966849.7,6714.234027777778,12092.1
2021-05-09,956206.6,6640.323611111111,12009.9
2021-05-10,933388.7,6481.865972222222,11394.0
2021-05-11,954698.9,6629.853472222222,11826.9
2021-05-12,907556.5,6302.475694444444,11070.4
2021-05-13,874663.8,6074.054166666667,10578.8
2021-05-14,864062.8,6000.436111111111,10942.3
2021-05-15,896420.1,6225.139583333334,11933.4
2021-05-16,915773.1,6359.535416666667,12165.2
2021-05-17,892897.9,6200.679861111112,11350.599999999999
2021-05-18,941705.6,6539.622222222222,12728.8
2021-05-19,1026911.0,7131.326388888889,13778.7
2021-05-20,1149187.3,7980.467361111111,15700.8
2021-05-21,1324986.4,9201.294444444444,18422.899999999998
2021-05-22,1360528.8,9448.116666666667,17695.0
2021-05-23,1234861.3,8575.425694444444,15909.699999999999
2021-05-24,985637.3,6844.703472222222,13364.099999999999
2021-05-25,1191924.0,8277.25,17647.8
2021-05-26,1169695.2,8122.883333333333,14470.5
2021-05-27,887350.0,6162.152777777777,11224.9
2021-05-28,932551.9,6476.054861111112,11558.8
2021-05-29,929561.2,6455.286111111111,11768.7
2021-05-30,914322.3,6349.460416666667,11842.2
2021-05-31,887287.8,6161.720833333334,11778.7
2021-06-01,971503.0,6746.548611111111,13578.2
2021-06-02,1010987.1,7020.74375,14388.7
2021-06-03,1015165.7,7049.761805555555,13739.5
2021-06-04,1121367.4,7787.273611111111,16421.899999999998
2021-06-05,1434486.9,9961.714583333332,20943.100000000002
2021-06-06,1658708.5,11518.809027777777,24375.4
2021-06-07,1694453.7,11767.039583333333,23423.3
2021-06-08,1492858.7,10367.074305555556,18015.7
2021-06-09,1630342.9,11321.825694444444,23440.9
2021-06-10,1302367.3,9044.217361111112,17846.0
2021-06-11,1182577.8,8212.345833333333,18326.1
2021-06-12,1261682.8,8761.686111111112,18478.8
2021-06-13,1349171.9,9369.249305555555,19224.2
2021-06-14,1075986.5,7472.128472222223,13849.2
2021-06-15,991374.1,6884.542361111111,13307.6
2021-06-16,928452.4,6447.586111111112,12493.400000000001
2021-06-17,986799.0,6852.770833333333,14756.7
2021-06-18,1050712.5,7296.614583333333,14331.7
2021-06-19,1285973.6,8930.372222222222,19502.100000000002
2021-06-20,1358450.7,9433.685416666667,20474.7
2021-06-21,1289771.7,8956.747916666667,18456.199999999997
2021-06-22,915103.6,6354.886111111111,11692.2
2021-06-23,941424.1,6537.667361111111,13151.0
2021-06-24,1120095.5,7778.440972222223,16327.099999999999
2021-06-25,1137815.0,7901.493055555556,15307.4
2021-06-26,1273247.9,8841.999305555555,17876.8
2021-06-27,1654369.5,11488.677083333334,24198.9
2021-06-28,1826378.3,12683.18263888889,24384.2
2021-06-29,1673873.6,11624.122222222222,23111.699999999997
2021-06-30,1469818.8,10207.075,20033.8
2021-07-01,1305640.6,9066.948611111111,18664.2
2021-07-02,1077532.2,7482.862499999999,14482.1
2021-07-03,1100382.4,7641.544444444444,16085.9
2021-07-04,1212387.3,8419.35625,18884.600000000002
2021-07-05,1471516.8,10218.866666666667,22971.8
2021-07-06,1808952.8,12562.172222222223,24584.399999999998
2021-07-07,1276452.8,8864.255555555555,14619.3
2021-07-08,974042.3,6764.182638888889,11860.599999999999
2021-07-09,957819.7,6651.5256944444445,11798.6
2021-07-10,1071237.1,7439.146527777779,16314.199999999999
2021-07-11,1049931.2,7291.188888888889,13683.6
2021-07-12,1144145.9,7945.457638888888,15866.6
2021-07-13,1347063.5,9354.607638888889,18973.7
2021-07-14,1490906.4,10353.516666666666,21816.9
2021-07-15,1510260.0,10487.916666666666,21299.3
2021-07-16,1263981.3,8777.647916666667,16767.800000000003
2021-07-17,1115835.2,7748.855555555555,14054.1
2021-07-18,1328225.4,9223.787499999999,20836.3
2021-07-19,1509889.4,10485.343055555555,21314.199999999997
2021-07-20,1451929.3,10082.842361111112,21358.899999999998
2021-07-21,1195347.9,8301.027083333332,17026.699999999997
2021-07-22,1141580.9,7927.645138888888,16127.2
2021-07-23,1214463.5,8433.774305555555,18009.4
2021-07-24,1177174.6,8174.823611111112,15176.7
2021-07-25,1436132.0,9973.138888888889,22137.0
2021-07-26,1504978.9,10451.24236111111,22173.800000000003
2021-07-27,1260894.9,8756.214583333332,17336.2
2021-07-28,1250106.2,8681.293055555556,18624.7
2021-07-29,1218270.7,8460.213194444445,17525.1
2021-07-30,1032135.7,7167.609027777778,13539.599999999999
2021-07-31,948655.5,6587.885416666667,13196.699999999999
2021-08-01,961797.6,6679.15,13038.199999999999
2021-08-02,1007941.7,6999.595138888889,14629.6
2021-08-03,1128989.1,7840.202083333334,17091.800000000003
2021-08-04,1258640.8,8740.561111111112,19122.9
2021-08-05,1377990.5,9569.378472222223,20995.4
2021-08-06,1443253.9,10022.596527777778,20810.6
2021-08-07,1419027.7,9854.359027777777,20029.0
2021-08-08,1479238.7,10272.490972222222,20587.7
2021-08-09,1713242.4,11897.516666666666,23802.5
2021-08-10,1670764.6,11602.531944444445,20219.6
2021-08-11,1742901.3,12103.48125,24488.399999999998
2021-08-12,1670745.8,11602.40138888889,23377.0
2021-08-13,1632029.2,11333.53611111111,21906.7
2021-08-14,1263207.2,8772.272222222222,17849.0
2021-08-15,1159573.4,8052.593055555555,17239.7
2021-08-16,1151875.0,7999.131944444444,15931.2
2021-08-17,1403553.6,9746.900000000001,20298.5
2021-08-18,1472280.5,10224.170138888889,21314.0
2021-08-19,1637572.3,11372.029861111112,23541.5
2021-08-20,1621836.4,11262.752777777778,22746.6
2021-08-21,1729837.7,12012.761805555556,24031.5
2021-08-22,1754120.9,12181.395138888889,24096.0
2021-08-23,1799200.6,12494.448611111111,24343.3
2021-08-24,1774237.2,12321.091666666667,24946.399999999998
2021-08-25,1839367.1,12773.38263888889,24549.100000000002
2021-08-26,1765517.4,12260.537499999999,24809.4
2021-08-27,1477357.4,10259.426388888889,19325.6
2021-08-28,1521357.9,10564.985416666666,22769.800000000003
2021-08-29,1771142.8,12299.602777777778,25152.4
2021-08-30,1620118.2,11250.820833333333,21969.5
2021-08-31,1302984.7,9048.50486111111,17866.8
2021-09-01,1091904.2,7582.668055555555,15128.400000000001
2021-09-02,967118.5,6716.100694444444,12806.3
2021-09-03,955944.5,6638.503472222223,13630.1
2021-09-04,1027589.6,7136.038888888888,14771.599999999999
2021-09-05,1153571.9,8010.915972222221,16302.8
2021-09-06,1053529.3,7316.175694444445,13819.5
2021-09-07,1053539.3,7316.245138888889,14787.900000000001
2021-09-08,1111695.0,7720.104166666667,15240.1
2021-09-09,991182.4,6883.211111111112,12767.5
2021-09-10,942559.2,6545.549999999999,12864.8
2021-09-11,1032770.5,7172.017361111111,14607.5
2021-09-12,1109144.8,7702.394444444445,15146.599999999999
2021-09-13,999312.0,6939.666666666667,13397.300000000001
2021-09-14,1076499.4,7475.690277777777,16139.3
2021-09-15,1051374.6,7301.212500000001,13733.5
2021-09-16,1020794.2,7088.848611111111,14243.2
2021-09-17,1081387.3,7509.634027777778,14757.099999999999
2021-09-18,1113142.4,7730.155555555555,15216.0
2021-09-19,1011118.6,7021.656944444444,13985.0
2021-09-20,990027.2,6875.188888888889,13187.2
2021-09-21,1093540.5,7594.03125,13918.5
2021-09-22,973856.1,6762.889583333334,12020.8
2021-09-23,892713.9,6199.402083333333,11327.5
2021-09-24,870075.6,6042.191666666667,11367.0
2021-09-25,914456.1,6350.389583333334,11899.3
2021-09-26,923966.8,6416.436111111111,12387.5
2021-09-27,918251.7,6376.747916666666,12372.699999999999
2021-09-28,884025.1,6139.063194444444,11423.2
2021-09-29,882681.8,6129.734722222222,11461.4
2021-09-30,876564.7,6087.254861111111,11491.1
2021-10-01,873195.1,6063.854861111111,11268.300000000001
2021-10-02,950741.0,6602.368055555556,13258.7
2021-10-03,1009886.0,7013.097222222223,13665.5
2021-10-04,918738.7,6380.129861111111,11605.9
2021-10-05,897311.0,6231.326388888889,11638.5
2021-10-06,891432.6,6190.504166666667,11827.099999999999
2021-10-07,897160.6,6230.281944444444,11949.7
2021-10-08,897709.7,6234.095138888889,11819.8
2021-10-09,957035.8,6646.081944444445,12820.900000000001
2021-10-10,953392.2,6620.779166666666,12749.2
2021-10-11,991032.8,6882.172222222222,13202.8
2021-10-12,964604.8,6698.644444444445,12698.7
2021-10-13,950391.4,6599.940277777778,12446.300000000001
2021-10-14,931756.7,6470.532638888889,12360.4
2021-10-15,922208.7,6404.227083333333,11533.199999999999
2021-10-16,934655.0,6490.659722222223,12028.2
2021-10-17,947231.9,6577.999305555556,12974.199999999999
2021-10-18,919729.3,6387.009027777778,11867.7
2021-10-19,905148.7,6285.754861111111,11567.9
2021-10-20,890437.4,6183.593055555556,11563.4
2021-10-21,903364.7,6273.365972222222,11632.9
2021-10-22,929445.2,6454.480555555555,11821.3
2021-10-23,985113.2,6841.063888888889,12515.7
2021-10-24,991519.0,6885.548611111111,13000.800000000001
2021-10-25,997466.3,6926.8493055555555,12926.800000000001
2021-10-26,1017801.2,7068.063888888889,12974.2
2021-10-27,936731.2,6505.077777777778,11763.4
2021-10-28,963465.6,6690.733333333334,12276.3
2021-10-29,958610.5,6657.017361111111,12004.3
2021-10-30,1029151.2,7146.883333333333,12711.5
2021-10-31,992481.3,6892.231250000001,12668.300000000001
2021-11-01,981408.7,6815.3381944444445,12769.7
2021-11-02,1003649.6,6969.788888888888,13135.199999999999
2021-11-03,1033935.2,7180.105555555555,13080.2
2021-11-04,1038424.9,7211.284027777778,13008.5
2021-11-05,1025657.5,7122.621527777777,12335.9
2021-11-06,1043223.2,7244.605555555555,12825.3
2021-11-07,1030165.2,7153.924999999999,13157.099999999999
2021-11-08,953169.7,6619.234027777778,12139.400000000001
2021-11-09,942283.8,6543.637500000001,12312.5
2021-11-10,954567.9,6628.94375,12306.7
2021-11-11,973349.1,6759.36875,12477.4
2021-11-12,946444.4,6572.530555555556,11935.7
2021-11-13,1045308.8,7259.088888888889,13254.900000000001
2021-11-14,1121705.3,7789.620138888889,14409.8
2021-11-15,1071529.0,7441.173611111111,13941.500000000002
2021-11-16,1064613.3,7393.147916666667,13637.5
2021-11-17,1050920.8,7298.061111111111,13238.7
2021-11-18,1016070.3,7056.043750000001,13305.9
2021-11-19,1059813.7,7359.817361111111,13316.0
2021-11-20,1107380.8,7690.144444444445,13587.1
2021-11-21,1119132.6,7771.7541666666675,14352.5
2021-11-22,1113742.5,7734.322916666667,14830.9
2021-11-23,1120763.9,7783.082638888888,14373.8
2021-11-24,1101900.7,7652.0881944444445,13866.9
2021-11-25,1075413.2,7468.147222222222,13622.5
2021-11-26,1145187.0,7952.6875,14644.300000000001
2021-11-27,1209621.7,8400.150694444445,14749.500000000002
2021-11-28,1247733.0,8664.8125,15480.900000000001
2021-11-29,1185437.1,8232.202083333334,15387.8
2021-11-30,1170662.5,8129.600694444444,14856.699999999999
2021-12-01,1131785.7,7859.622916666666,14445.0
2021-12-02,1098499.1,7628.465972222223,14144.5
2021-12-03,1141250.9,7925.353472222221,14148.5
2021-12-04,1187076.3,8243.585416666667,14418.400000000001
2021-12-05,1239226.7,8605.740972222222,15596.0
2021-12-06,1157357.3,8037.203472222222,15205.0
2021-12-07,1223744.7,8498.227083333333,15908.6
2021-12-08,1250417.2,8683.452777777777,15862.5
2021-12-09,1244846.3,8644.765972222223,15691.099999999999
2021-12-10,1158878.7,8047.768749999999,14232.900000000001
2021-12-11,1128701.8,7838.206944444445,14190.6
2021-12-12,1183906.1,8221.57013888889,14968.4
2021-12-13,1099918.1,7638.320138888889,14141.7
2021-12-14,1098633.0,7629.395833333333,14218.1
2021-12-15,1119976.2,7777.612499999999,14069.9
2021-12-16,1041492.6,7232.5875,13074.0
2021-12-17,1089195.5,7563.857638888889,13933.8
2021-12-18,1227983.8,8527.665277777778,15118.199999999999
2021-12-19,1255268.1,8717.139583333334,15780.900000000001
2021-12-20,1214884.6,8436.698611111111,15037.399999999998
2021-12-21,1162665.9,8074.068749999999,14687.1
2021-12-22,1205831.0,8373.826388888889,15277.6
2021-12-23,1228902.8,8534.047222222223,15105.9
2021-12-24,1207071.5,8382.440972222223,14160.699999999999
2021-12-25,1160251.4,8057.301388888888,14334.099999999999
2021-12-26,1139275.2,7911.633333333333,14002.4
2021-12-27,1215438.2,8440.543055555556,14989.5
2021-12-28,1157004.4,8034.752777777777,14273.2
2021-12-29,1156762.2,8033.070833333333,14295.0
2021-12-30,1141218.1,7925.125694444445,14061.5
2021-12-31,1133202.6,7869.462500000001,14053.8
2022-01-01,1144526.1,7948.0979166666675,14307.9
2022-01-02,1275126.1,8855.042361111111,16437.6
2022-01-03,1313706.9,9122.964583333332,16937.1
2022-01-04,1245615.8,8650.109722222223,15998.3
2022-01-05,1230553.3,8545.509027777778,15905.3
2022-01-06,1281062.4,8896.266666666666,16460.7
2022-01-07,1311300.3,9106.252083333333,16773.2
2022-01-08,1378919.2,9575.827777777777,17002.8
2022-01-09,1315611.3,9136.189583333333,16841.8
2022-01-10,1375217.0,9550.118055555555,17869.2
2022-01-11,1483088.9,10299.228472222221,18756.3
2022-01-12,1317079.1,9146.38263888889,16438.8
2022-01-13,1236481.8,8586.679166666667,15529.0
2022-01-14,1307561.6,9080.28888888889,17100.0
2022-01-15,1534492.8,10656.2,19052.3
2022-01-16,1452403.4,10086.134722222221,18002.9
2022-01-17,1359389.1,9440.202083333334,17687.2
2022-01-18,1315743.5,9137.107638888889,17239.0
2022-01-19,1269894.4,8818.71111111111,16643.1
2022-01-20,1392563.6,9670.580555555556,18176.2
2022-01-21,1442737.7,10019.011805555556,17844.5
2022-01-22,1451850.3,10082.29375,17742.0
2022-01-23,1436736.9,9977.339583333332,18497.6
2022-01-24,1417523.0,9843.909722222223,17926.3
2022-01-25,1362347.7,9460.747916666667,17813.100000000002
2022-01-26,1414480.6,9822.781944444445,18160.8
2022-01-27,1395565.2,9691.425,17669.9
2022-01-28,1416193.3,9834.675694444444,17953.0
2022-01-29,1518336.0,10544.0,18419.5
2022-01-30,1462928.7,10159.227083333333,18165.600000000002
2022-01-31,1315163.1,9133.077083333334,16508.4
2022-02-01,1252178.4,8695.683333333332,15830.199999999999
2022-02-02,1228697.2,8532.619444444445,15804.800000000001
2022-02-03,1321862.9,9179.603472222221,17322.4
2022-02-04,1382058.5,9597.628472222223,17335.0
2022-02-05,1430616.4,9934.83611111111,17313.6
2022-02-06,1373955.3,9541.35625,16875.899999999998
2022-02-07,1243696.0,8636.777777777777,15930.8
2022-02-08,1236225.6,8584.900000000001,16098.6
2022-02-09,1199335.2,8328.716666666667,15106.8
2022-02-10,1198464.7,8322.671527777777,15461.8
2022-02-11,1218710.3,8463.265972222223,15077.1
2022-02-12,1291033.1,8965.50763888889,16387.5
2022-02-13,1430064.4,9931.002777777778,17872.2
2022-02-14,1395656.7,9692.060416666667,17647.1
2022-02-15,1339790.9,9304.103472222221,16998.9
2022-02-16,1217428.2,8454.3625,15289.8
2022-02-17,1194990.1,8298.542361111111,15401.1
2022-02-18,1284103.8,8917.3875,15859.0
2022-02-19,1353534.9,9399.547916666666,16522.5
2022-02-20,1299547.7,9024.636805555556,15246.099999999999
2022-02-21,1174527.9,8156.443749999999,14890.3
2022-02-22,1185084.2,8229.751388888888,15015.4
2022-02-23,1231870.8,8554.658333333333,16532.0
2022-02-24,1303736.7,9053.727083333333,16470.0
2022-02-25,1331328.5,9245.336805555555,16397.6
2022-02-26,1359001.2,9437.508333333333,16477.5
2022-02-27,1350502.0,9378.486111111111,16485.2
2022-02-28,1303867.7,9054.636805555556,16574.1
2022-03-01,1222330.0,8488.402777777777,15178.0
2022-03-02,1191138.5,8271.795138888889,15046.800000000001
2022-03-03,1257740.6,8734.309722222222,16291.800000000001
2022-03-04,1252176.7,8695.671527777777,15034.2
2022-03-05,1244035.1,8639.13263888889,15076.2
2022-03-06,1149055.2,7979.549999999999,14635.0
2022-03-07,1169645.9,8122.540972222221,15098.6
2022-03-08,1163513.8,8079.956944444445,14661.4
2022-03-09,1142606.4,7934.766666666666,14291.9
2022-03-10,1123627.7,7802.970138888889,14122.5
2022-03-11,1189250.1,8258.681250000001,14545.9
2022-03-12,1294809.5,8991.732638888889,15826.2
2022-03-13,1346192.1,9348.556250000001,16091.1
2022-03-14,1169535.8,8121.776388888889,14155.4
2022-03-15,1166042.7,8097.518749999999,14316.6
2022-03-16,1132459.4,7864.301388888888,13721.800000000001
2022-03-17,1025604.0,7122.25,11790.1
2022-03-18,982738.7,6824.574305555555,12270.100000000002
2022-03-19,1085539.2,7538.466666666666,13490.1
2022-03-20,1091531.1,7580.077083333334,13718.800000000001
2022-03-21,1031036.5,7159.975694444444,12792.9
2022-03-22,1059947.8,7360.748611111111,13225.6
2022-03-23,1143819.6,7943.1916666666675,14594.599999999999
2022-03-24,1069817.9,7429.290972222221,12758.1
2022-03-25,1075658.7,7469.852083333333,12914.6
2022-03-26,1134000.0,7875.0,13869.300000000001
2022-03-27,1262643.1,8768.354861111111,15703.6
2022-03-28,1274816.2,8852.890277777777,15607.199999999999
2022-03-29,1195361.9,8301.124305555555,14514.800000000001
2022-03-30,1206673.4,8379.676388888889,14777.4
2022-03-31,1049462.6,7287.934722222223,12648.7
2022-04-01,1110748.7,7713.532638888889,13513.6
2022-04-02,1135524.4,7885.586111111111,13354.600000000002
2022-04-03,1148218.8,7973.741666666667,14162.9
2022-04-04,1062948.9,7381.5895833333325,12923.1
2022-04-05,1018919.7,7075.831249999999,12397.0
2022-04-06,998741.0,6935.701388888889,12492.9
2022-04-07,971204.1,6744.472916666667,11959.500000000002
2022-04-08,1001455.5,6954.552083333333,12206.199999999999
2022-04-09,1083621.5,7525.149305555556,13426.6
2022-04-10,1102794.1,7658.292361111112,13520.0
2022-04-11,1029811.5,7151.46875,12517.4
2022-04-12,937597.1,6511.090972222222,11458.5
2022-04-13,931309.8,6467.429166666667,11642.4
2022-04-14,923138.4,6410.683333333333,11304.900000000001
2022-04-15,987446.3,6857.265972222222,11861.900000000001
2022-04-16,1018289.7,7071.456249999999,12691.800000000001
2022-04-17,1055374.7,7328.990972222222,12827.4
2022-04-18,1070786.6,7436.018055555556,13402.5
2022-04-19,1073670.4,7456.044444444444,13030.0
2022-04-20,1007246.7,6994.768749999999,11992.2
2022-04-21,997574.2,6927.598611111111,11555.5
2022-04-22,946956.1,6576.084027777778,11540.8
2022-04-23,1027048.2,7132.279166666666,12932.900000000001
2022-04-24,981662.0,6817.097222222223,12434.5
2022-04-25,919040.4,6382.225,11713.8
2022-04-26,952590.7,6615.2131944444445,12216.7
2022-04-27,1047860.4,7276.808333333333,13008.9
2022-04-28,1017099.5,7063.190972222223,12181.2
2022-04-29,967345.6,6717.677777777778,11426.6
2022-04-30,975678.6,6775.545833333334,11896.099999999999
2022-05-01,1026737.2,7130.1194444444445,12851.3
2022-05-02,952289.2,6613.1194444444445,11330.300000000001
2022-05-03,935006.9,6493.103472222222,11740.3
2022-05-04,908627.4,6309.9125,11334.0
2022-05-05,887686.9,6164.492361111112,11055.5
2022-05-06,887979.4,6166.523611111112,10967.7
2022-05-07,922548.1,6406.584027777778,11606.9
2022-05-08,921943.5,6402.385416666667,11800.5
2022-05-09,881300.7,6120.143749999999,11131.3
2022-05-10,860075.0,5972.743055555556,10950.7
2022-05-11,883139.6,6132.913888888888,11871.8
2022-05-12,928718.2,6449.4319444444445,12575.0
2022-05-13,1010764.5,7019.197916666667,13628.900000000001
2022-05-14,1172214.4,8140.377777777777,15985.4
2022-05-15,1320117.9,9167.485416666666,18528.3
2022-05-16,1001998.9,6958.325694444445,11560.099999999999
2022-05-17,870949.3,6048.259027777778,10829.2
2022-05-18,867745.4,6026.009722222222,11184.4
2022-05-19,876252.5,6085.086805555556,11157.900000000001
2022-05-20,913895.8,6346.498611111111,12821.099999999999
2022-05-21,1030447.1,7155.882638888888,15283.7
2022-05-22,912776.9,6338.728472222222,11884.5
2022-05-23,882093.3,6125.647916666667,11182.5
2022-05-24,871988.7,6055.477083333333,11287.400000000001
2022-05-25,869518.1,6038.320138888888,11464.199999999999
2022-05-26,943069.8,6549.095833333334,13140.8
2022-05-27,994113.7,6903.567361111111,13167.4
2022-05-28,983976.5,6833.170138888889,13066.7
2022-05-29,1077753.4,7484.398611111111,15399.3
2022-05-30,1264715.4,8782.745833333332,18786.100000000002
2022-05-31,1558866.4,10825.46111111111,21973.100000000002
2022-06-01,1339951.9,9305.221527777778,16634.7
2022-06-02,959022.5,6659.878472222223,12140.0
2022-06-03,947868.3,6582.418750000001,12894.4
2022-06-04,932287.0,6474.215277777777,12531.300000000001
2022-06-05,972808.2999999999,6755.613194444444,13701.100000000002
2022-06-06,920528.1,6392.55625,11687.5
2022-06-07,930266.5,6460.184027777777,11865.099999999999
2022-06-08,928242.2,6446.126388888889,12495.9
2022-06-09,923502.6,6413.2125,12429.8
2022-06-10,942849.6,6547.566666666667,12804.8
2022-06-11,1027799.9,7137.499305555556,15184.199999999999
2022-06-12,1069425.6,7426.5666666666675,15377.1
2022-06-13,999440.8,6940.561111111111,14562.5
2022-06-14,1126034.5,7819.684027777777,16656.5
2022-06-15,1163431.6,8079.386111111112,17244.8
2022-06-16,1544553.7,10726.06736111111,22428.4
2022-06-17,1327536.4,9219.002777777778,16475.7
2022-06-18,943494.3,6552.043750000001,11914.9
2022-06-19,928884.6,6450.5875,12547.400000000001
2022-06-20,956476.4,6642.197222222222,13348.300000000001
2022-06-21,1394969.6,9687.28888888889,23698.600000000002
2022-06-22,1796237.8,12473.873611111112,25057.200000000004
2022-06-23,1453340.5,10092.642361111111,20197.5
2022-06-24,1361274.8,9453.297222222223,20464.8
2022-06-25,1579084.8,10965.866666666667,23129.2
2022-06-26,1555677.0,10803.3125,22720.499999999996
2022-06-27,1109110.0,7702.152777777777,13599.9
2022-06-28,1010148.2,7014.918055555555,15177.7
2022-06-29,1006187.4,6987.4125,14781.300000000001
2022-06-30,1133795.8,7873.581944444445,16886.199999999997
2022-07-01,1284249.8,8918.40138888889,17539.7
2022-07-02,1274405.9,8850.040972222221,18495.3
2022-07-03,1224979.5,8506.802083333334,18598.600000000002
2022-07-04,1196193.8,8306.90138888889,16787.6
2022-07-05,1170876.1,8131.084027777779,16607.1
2022-07-06,1122560.4,7795.5583333333325,15418.900000000001
2022-07-07,1214098.2,8431.2375,18131.7
2022-07-08,1263428.5,8773.809027777777,17453.3
2022-07-09,1130143.8,7848.220833333334,16797.8
2022-07-10,1247035.2,8659.966666666667,19628.2
2022-07-11,1366910.3,9492.43263888889,20100.0
2022-07-12,1435697.8,9970.123611111112,18679.2
2022-07-13,1166491.6,8100.636111111112,15315.0
2022-07-14,1183684.3,8220.029861111112,17817.2
2022-07-15,1242445.4,8628.093055555555,18458.1
2022-07-16,1445208.3,10036.16875,21447.1
2022-07-17,1523617.4,10580.676388888889,21988.7
2022-07-18,1438857.2,9992.063888888888,20004.4
2022-07-19,1758788.1,12213.806250000001,25324.3
2022-07-20,1897274.4,13175.516666666666,24102.199999999997
2022-07-21,1750801.3,12158.342361111112,22898.899999999998
2022-07-22,1707615.8,11858.443055555555,23182.0
2022-07-23,1813141.0,12591.256944444445,25214.0
2022-07-24,1626725.0,11296.701388888889,22748.7
2022-07-25,1246103.8,8653.498611111112,15772.8
2022-07-26,1104834.5,7672.461805555556,15685.4
2022-07-27,1226889.3,8520.064583333333,17058.0
2022-07-28,1393787.6,9679.080555555556,19268.6
2022-07-29,1303010.8,9048.686111111112,18122.100000000002
2022-07-30,1271833.9,8832.17986111111,18876.0
2022-07-31,1365698.7,9484.01875,20584.9
2022-08-01,1419050.5,9854.517361111111,19946.4
2022-08-02,1358145.9,9431.568749999999,19257.0
2022-08-03,1317878.7,9151.935416666667,19770.4
2022-08-04,1410129.7,9792.56736111111,18448.8
2022-08-05,1501830.5,10429.378472222223,22368.9
2022-08-06,1772407.7,12308.386805555556,25059.0
2022-08-07,1986086.9,13792.270138888889,26563.9
2022-08-08,1780687.0,12365.881944444445,22323.2
2022-08-09,1217673.7,8456.06736111111,15611.599999999999
2022-08-10,1273520.5,8843.892361111111,19547.100000000002
2022-08-11,1257635.8,8733.581944444444,17464.2
2022-08-12,1114177.5,7737.34375,16009.499999999998
2022-08-13,1114015.5,7736.21875,16602.6
2022-08-14,1239443.7,8607.247916666667,18417.3
2022-08-15,1271339.8,8828.748611111112,18864.0
2022-08-16,1317984.2,9152.668055555556,18601.199999999997
2022-08-17,1283739.0,8914.854166666666,17091.699999999997
2022-08-18,1344833.4,9339.120833333332,19195.5
2022-08-19,1346926.9,9353.659027777778,18314.5
2022-08-20,1471202.2,10216.681944444445,21689.8
2022-08-21,1395869.6,9693.53888888889,18889.6
2022-08-22,1253953.5,8708.010416666666,17567.2
2022-08-23,1344759.6,9338.608333333334,19323.5
2022-08-24,1377959.4,9569.162499999999,19830.0
2022-08-25,1233634.8,8566.908333333333,16318.5
2022-08-26,1221468.5,8482.420138888889,17005.5
2022-08-27,1098374.2,7627.598611111111,16379.1
2022-08-28,1329390.8,9231.880555555555,19806.0
2022-08-29,1612912.0,11200.777777777777,22291.6
2022-08-30,1349449.6,9371.177777777779,17416.6
2022-08-31,1172749.9,8144.096527777777,15990.100000000002
2022-09-01,1046265.2,7265.730555555555,15419.0
2022-09-02,1206947.9,8381.582638888889,18461.6
2022-09-03,1424186.4,9890.183333333332,21237.699999999997
2022-09-04,1092338.0,7585.680555555556,13385.300000000001
2022-09-05,995959.1,6916.382638888888,13615.699999999999
2022-09-06,1064129.0,7389.784722222223,15618.9
2022-09-07,1084415.0,7530.659722222223,15263.699999999999
2022-09-08,1134917.5,7881.371527777777,17186.2
2022-09-09,1200599.7,8337.497916666667,17697.9
2022-09-10,1338487.5,9295.052083333334,19472.3
2022-09-11,1277987.3,8874.911805555555,17530.4
2022-09-12,1146557.8,7962.206944444445,14859.5
2022-09-13,973029.6,6757.15,13132.5
2022-09-14,974175.4,6765.106944444445,13865.899999999998
2022-09-15,877199.1,6091.660416666667,11742.199999999999
2022-09-16,912880.1,6339.445138888888,12216.1
2022-09-17,1046651.6,7268.413888888888,15389.3
2022-09-18,1208683.6,8393.636111111111,17374.1
2022-09-19,1160547.6,8059.358333333334,16335.100000000002
2022-09-20,1068730.2,7421.737499999999,15190.099999999999
2022-09-21,1114208.5,7737.559027777777,16047.800000000001
2022-09-22,897667.3,6233.800694444445,11232.5
2022-09-23,853556.6,5927.476388888888,11069.7
2022-09-24,898245.3,6237.814583333334,11746.800000000001
2022-09-25,955524.1,6635.584027777778,12762.6
2022-09-26,885744.5,6151.003472222223,11478.3
2022-09-27,881598.4,6122.211111111112,11317.4
2022-09-28,883123.7,6132.803472222222,11328.0
2022-09-29,873179.6,6063.747222222222,11366.5
2022-09-30,876053.6,6083.705555555555,11152.900000000001
2022-10-01,908971.5,6312.302083333333,11799.3
2022-10-02,942110.6,6542.434722222222,12572.599999999999
2022-10-03,899887.2,6249.216666666666,11313.8
2022-10-04,883598.1,6136.097916666667,11015.4
2022-10-05,874089.0,6070.0625,11434.099999999999
2022-10-06,864066.4,6000.461111111112,11354.2
2022-10-07,882711.4,6129.940277777778,11375.199999999999
2022-10-08,954407.1,6627.827083333334,12212.500000000002
2022-10-09,939906.5,6527.128472222223,12030.1
2022-10-10,938235.0,6515.520833333333,11703.4
2022-10-11,885221.7,6147.372916666666,11285.1
2022-10-12,872104.6,6056.281944444444,11408.4
2022-10-13,884198.4,6140.266666666666,11418.9
2022-10-14,903956.1,6277.472916666667,11307.8
2022-10-15,958321.1,6655.007638888888,12302.8
2022-10-16,979609.6,6802.844444444444,13048.599999999999
2022-10-17,944994.3,6562.460416666667,12155.499999999998
2022-10-18,978970.5,6798.40625,12524.2
2022-10-19,986901.4,6853.481944444445,12515.6
2022-10-20,1015411.5,7051.46875,12624.0
2022-10-21,959573.5,6663.704861111111,11467.9
2022-10-22,935234.7,6494.685416666666,12120.0
2022-10-23,949091.3,6590.9118055555555,12520.499999999998
2022-10-24,898276.9,6238.034027777778,11334.6
2022-10-25,879823.0,6109.881944444444,11454.099999999999
2022-10-26,910793.6,6324.955555555555,11838.1
2022-10-27,932337.4,6474.565277777778,11749.5
2022-10-28,960066.5,6667.128472222223,11828.4
2022-10-29,996101.5,6917.371527777777,12247.0
2022-10-30,1013611.3,7038.967361111111,13226.5
2022-10-31,954526.1,6628.653472222222,11667.8
2022-11-01,906275.2,6293.577777777778,11503.199999999999
2022-11-02,907145.6,6299.622222222222,11677.2
2022-11-03,929627.5,6455.746527777777,11806.0
2022-11-04,907031.9,6298.832638888889,11176.9
2022-11-05,922582.2,6406.820833333333,12272.599999999999
2022-11-06,941953.6,6541.344444444444,12673.7
2022-11-07,919749.9,6387.152083333333,12185.699999999999
2022-11-08,951050.2,6604.515277777778,12224.0
2022-11-09,954998.3,6631.932638888889,11967.399999999998
2022-11-10,904001.5,6277.788194444444,11268.999999999998
2022-11-11,920446.2,6391.987499999999,11384.5
2022-11-12,997880.5,6929.725694444444,12941.300000000001
2022-11-13,1106327.5,7682.829861111111,14490.3
2022-11-14,1082017.1,7514.007638888889,13842.999999999998
2022-11-15,1128859.9,7839.304861111111,14603.6
2022-11-16,1131409.8,7857.012500000001,14286.6
2022-11-17,1120432.8,7780.783333333334,14059.900000000001
2022-11-18,1148707.9,7977.138194444444,14157.199999999999
2022-11-19,1230141.2,8542.647222222222,15127.3
2022-11-20,1298157.2,9014.980555555556,16354.4
2022-11-21,1184033.0,8222.451388888889,14944.800000000001
2022-11-22,1111910.4,7721.599999999999,14098.2
2022-11-23,1080600.6,7504.170833333334,13503.699999999999
2022-11-24,1074652.7,7462.865972222222,13327.3
2022-11-25,1064212.5,7390.364583333333,13203.0
2022-11-26,1091546.0,7580.180555555556,13184.3
2022-11-27,1144264.3,7946.279861111111,14297.8
2022-11-28,1119025.1,7771.007638888889,14330.3
2022-11-29,1100713.2,7643.841666666666,13709.300000000001
2022-11-30,1126881.6,7825.5666666666675,14542.400000000001
2022-12-01,1171527.2,8135.605555555555,14704.7
2022-12-02,1137396.7,7898.5881944444445,13735.0
2022-12-03,1149358.6,7981.656944444445,14244.0
2022-12-04,1218914.4,8464.683333333332,15305.9
2022-12-05,1154369.8,8016.456944444445,14645.9
2022-12-06,1088443.8,7558.637500000001,13753.4
2022-12-07,1059927.1,7360.604861111112,13253.5
2022-12-08,1070715.7,7435.5256944444445,13653.1
2022-12-09,1168158.9,8112.2145833333325,14503.900000000001
2022-12-10,1273835.7,8846.08125,15271.5
2022-12-11,1290439.0,8961.381944444445,15934.399999999998
2022-12-12,1232987.6,8562.41388888889,15760.6
2022-12-13,1232358.8,8558.047222222223,15503.1
2022-12-14,1248741.8,8671.818055555555,15704.6
2022-12-15,1403882.2,9749.181944444445,17163.2
2022-12-16,1304623.3,9059.884027777778,15797.2
2022-12-17,1346450.4,9350.349999999999,16614.300000000003
2022-12-18,1383325.4,9606.426388888889,16998.199999999997
2022-12-19,1351187.6,9383.247222222222,16639.5
2022-12-20,1363581.1,9469.313194444445,16483.4
2022-12-21,1352684.7,9393.64375,16522.4
2022-12-22,1327911.7,9221.609027777777,16104.8
2022-12-23,1451716.2,10081.3625,18086.5
2022-12-24,1626325.2,11293.925,19462.4
2022-12-25,1515026.1,10521.014583333334,17102.6
2022-12-26,1452977.8,10090.123611111112,16637.1
2022-12-27,1419386.4,9856.849999999999,16668.5
2022-12-28,1341367.0,9315.048611111111,16031.800000000003
2022-12-29,1261557.9,8760.818749999999,15403.2
2022-12-30,1184123.4,8223.079166666666,14733.099999999999
2022-12-31,1213999.9,8430.55486111111,15963.5
2023-01-01,1223004.5,8493.086805555555,15007.1
2023-01-02,1229477.2,8538.03611111111,15407.0
2023-01-03,1275381.3,8856.814583333333,15998.3
2023-01-04,1320494.0,9170.097222222223,17345.2
2023-01-05,1311729.0,9109.229166666666,17452.1
2023-01-06,1312360.4,9113.613888888889,17069.199999999997
2023-01-07,1358085.0,9431.145833333334,17944.2
2023-01-08,1450372.6,10072.031944444445,18483.5
2023-01-09,1410806.3,9797.265972222223,18375.1
2023-01-10,1379633.3,9580.786805555555,17976.1
2023-01-11,1432116.6,9945.254166666668,18432.0
2023-01-12,1364155.6,9473.302777777779,17889.1
2023-01-13,1450952.2,10076.056944444445,18725.2
2023-01-14,1522673.7,10574.122916666667,18721.2
2023-01-15,1506053.8,10458.706944444444,18990.5
2023-01-16,1418181.6,9848.483333333334,17943.9
2023-01-17,1371300.3,9522.91875,17899.5
2023-01-18,1328235.6,9223.858333333334,17407.8
2023-01-19,1374095.4,9542.329166666666,18030.2
2023-01-20,1359942.2,9444.043055555556,17537.6
2023-01-21,1418311.2,9849.383333333333,18063.1
2023-01-22,1421236.5,9869.697916666666,18271.9
2023-01-23,1386974.7,9631.76875,17829.9
2023-01-24,1386517.5,9628.59375,17811.5
2023-01-25,1416447.6,9836.441666666668,17682.100000000002
2023-01-26,1408896.8,9784.005555555555,17827.9
2023-01-27,1411855.9,9804.55486111111,17794.9
2023-01-28,1423188.7,9883.25486111111,18066.100000000002
2023-01-29,1460072.6,10139.393055555556,18857.2
2023-01-30,1471233.0,10216.895833333334,18564.0
2023-01-31,1487525.2,10330.03611111111,18841.2
2023-02-01,1526632.2,10601.6125,18994.100000000002
2023-02-02,1490091.3,10347.85625,18253.300000000003
2023-02-03,1661208.9,11536.172916666666,20316.300000000003
2023-02-04,1729852.5,12012.864583333334,20175.0
2023-02-05,1498890.1,10408.959027777779,18518.6
2023-02-06,1410950.4,9798.266666666666,18016.7
2023-02-07,1370010.0,9513.958333333334,17384.800000000003
2023-02-08,1297212.2,9008.418055555556,16953.199999999997
2023-02-09,1357411.2,9426.466666666667,17591.1
2023-02-10,1356545.5,9420.454861111111,17274.2
2023-02-11,1412888.4,9811.724999999999,17819.3
2023-02-12,1354098.9,9403.464583333332,17348.4
2023-02-13,1306969.3,9076.175694444444,16968.1
2023-02-14,1267016.1,8798.722916666668,16206.5
2023-02-15,1236431.2,8586.327777777777,16427.9
2023-02-16,1288882.3,8950.571527777778,17148.7
2023-02-17,1405841.4,9762.787499999999,17988.7
2023-02-18,1436724.9,9977.256249999999,17673.6
2023-02-19,1309499.5,9093.746527777777,16417.4
2023-02-20,1267973.5,8805.371527777777,16616.8
2023-02-21,1336877.0,9283.868055555555,17435.6
2023-02-22,1422842.1,9880.847916666668,18270.8
2023-02-23,1478658.6,10268.462500000001,18292.1
2023-02-24,1454728.2,10102.279166666667,18231.4
2023-02-25,1494655.2,10379.55,18174.6
2023-02-26,1415812.4,9832.030555555555,18155.0
2023-02-27,1444783.4,10033.218055555555,17953.2
2023-02-28,1385948.1,9624.639583333334,17331.5
2023-03-01,1365492.2,9482.584722222222,17453.0
2023-03-02,1321297.9,9175.67986111111,16872.3
2023-03-03,1398114.4,9709.127777777778,17648.8
2023-03-04,1364417.1,9475.118750000001,16998.199999999997
2023-03-05,1332233.7,9251.622916666667,17325.2
2023-03-06,1336289.9,9279.790972222221,17108.0
2023-03-07,1338408.3,9294.502083333333,17392.8
2023-03-08,1341465.1,9315.729861111111,17304.100000000002
2023-03-09,1319151.8,9160.77638888889,16882.1
2023-03-10,1390839.8,9658.609722222223,17498.0
2023-03-11,1393957.8,9680.2625,17128.8
2023-03-12,1420800.8,9866.672222222223,17580.3
2023-03-13,1362858.3,9464.29375,17039.1
2023-03-14,1401647.6,9733.66388888889,17706.4
2023-03-15,1354742.5,9407.934027777777,17072.7
2023-03-16,1260341.2,8752.369444444445,16366.9
2023-03-17,1283990.0,8916.597222222223,16885.3
2023-03-18,1379520.0,9580.0,17240.0
2023-03-19,1442248.4,10015.613888888889,17574.6
2023-03-20,1321817.4,9179.287499999999,16525.699999999997
2023-03-21,1217368.5,8453.947916666666,15694.1
2023-03-22,1257970.3,8735.904861111112,16147.2
2023-03-23,1245122.2,8646.681944444445,16127.1
2023-03-24,1259324.9,8745.311805555555,16033.2
2023-03-25,1354853.9,9408.707638888889,17588.300000000003
2023-03-26,1273940.9,8846.811805555555,16111.900000000001
2023-03-27,1281305.5,8897.954861111111,16846.3
2023-03-28,1231351.0,8551.048611111111,15689.900000000001
2023-03-29,1286450.8,8933.686111111112,16956.1
2023-03-30,1310584.0,9101.277777777777,16277.2
2023-03-31,1316940.4,9145.419444444444,17022.7
2023-04-01,1258377.4,8738.731944444444,15969.2
2023-04-02,1320687.3,9171.439583333333,16585.6
2023-04-03,1222568.8,8490.061111111112,15673.3
2023-04-04,1175281.5,8161.677083333333,15640.0
2023-04-05,1246101.0,8653.479166666666,16213.900000000001
2023-04-06,1167633.8,8108.5680555555555,15452.2
2023-04-07,1203397.4,8356.926388888889,14964.400000000001
2023-04-08,1222453.4,8489.259722222221,15271.099999999999
2023-04-09,1178769.1,8185.896527777779,14891.3
2023-04-10,1130345.7,7849.622916666666,15029.400000000001
2023-04-11,1075690.4,7470.072222222221,14484.400000000001
2023-04-12,1073939.9,7457.915972222221,14919.5
2023-04-13,1147896.3,7971.502083333334,16457.7
2023-04-14,1187248.5,8244.78125,16697.6
2023-04-15,1193410.0,8287.569444444445,16537.6
2023-04-16,1179146.3,8188.515972222222,16331.8
2023-04-17,1097658.6,7622.6291666666675,15106.1
2023-04-18,1177511.5,8177.163194444444,15768.3
2023-04-19,1169272.4,8119.947222222221,15498.099999999999
2023-04-20,1133880.6,7874.170833333334,14915.2
2023-04-21,1082882.6,7520.018055555556,14484.5
2023-04-22,1143440.8,7940.561111111111,15690.599999999999
2023-04-23,1168241.5,8112.788194444444,15537.8
2023-04-24,1155783.7,8026.2756944444445,15309.0
2023-04-25,1136644.2,7893.362499999999,15158.699999999999
2023-04-26,1149242.7,7980.852083333333,15232.5
2023-04-27,1112763.0,7727.520833333333,14799.6
2023-04-28,1119527.6,7774.497222222223,14706.5
2023-04-29,1184829.4,8227.981944444444,15769.7
2023-04-30,1182911.7,8214.664583333333,15256.9
2023-05-01,1136661.6,7893.483333333334,14968.400000000001
2023-05-02,1157081.7,8035.289583333333,15356.9
2023-05-03,1161308.8,8064.644444444445,15519.4
2023-05-04,1108161.3,7695.564583333334,14855.8
2023-05-05,1078417.2,7489.008333333333,14735.5
2023-05-06,1075020.3,7465.418750000001,14269.400000000001
2023-05-07,1102620.7,7657.0881944444445,14800.7
2023-05-08,1055717.5,7331.371527777777,14493.099999999999
2023-05-09,1037270.1,7203.264583333334,14176.7
2023-05-10,1042015.0,7236.215277777777,14224.3
2023-05-11,1075346.3,7467.682638888889,14921.099999999999
2023-05-12,1162363.0,8071.965277777777,16755.1
2023-05-13,1166713.5,8102.177083333333,15845.3
2023-05-14,1063518.3,7385.543750000001,14015.2
2023-05-15,1053307.6,7314.636111111112,14653.8
2023-05-16,1036129.0,7195.340277777777,14548.0
2023-05-17,1044297.4,7252.065277777778,14411.8
2023-05-18,1048826.8,7283.519444444445,14255.8
2023-05-19,1042818.9,7241.797916666666,14292.0
2023-05-20,1056588.8,7337.422222222222,14675.3
2023-05-21,1023212.9,7105.645138888889,13338.9
2023-05-22,1022610.2,7101.459722222222,13589.4
2023-05-23,1040093.5,7222.871527777777,14659.900000000001
2023-05-24,1035101.9,7188.207638888889,14176.6
2023-05-25,1031004.5,7159.753472222223,14295.4
2023-05-26,1035325.9,7189.763194444445,14303.5
2023-05-27,1079085.8,7493.651388888889,14732.4
2023-05-28,1181193.9,8202.735416666666,16864.5
2023-05-29,1230547.4,8545.468055555555,18190.8
2023-05-30,1317866.3,9151.849305555555,20335.600000000002
2023-05-31,1547975.8,10749.831944444444,23875.9
2023-06-01,1758470.1,12211.597916666668,26255.9
2023-06-02,1854356.0,12877.472222222223,26600.8
2023-06-03,1521812.9,10568.145138888889,20473.6
2023-06-04,1216399.0,8447.215277777777,16913.4
2023-06-05,1193084.3,8285.30763888889,17569.9
2023-06-06,1198554.2,8323.293055555556,17556.800000000003
2023-06-07,1107900.7,7693.754861111111,15503.9
2023-06-08,1065310.7,7397.990972222222,14627.6
2023-06-09,1054155.8,7320.526388888889,14402.7
2023-06-10,1180734.3,8199.54375,16135.2
2023-06-11,1210638.0,8407.208333333334,15923.599999999999
2023-06-12,1104748.0,7671.861111111111,14914.4
2023-06-13,1048266.4,7279.627777777778,14569.3
2023-06-14,1054987.8,7326.304166666667,14594.199999999999
2023-06-15,1058571.1,7351.188194444445,14579.400000000001
2023-06-16,1098288.8,7627.0055555555555,15310.1
2023-06-17,1170498.7,8128.4631944444445,16152.7
2023-06-18,1250833.3,8686.342361111112,17721.3
2023-06-19,1312741.3,9116.259027777778,19545.9
2023-06-20,1380580.7,9587.365972222222,20794.6
2023-06-21,1475772.9,10248.422916666666,22361.3
2023-06-22,1442899.5,10020.135416666666,20899.0
2023-06-23,1390409.5,9655.621527777777,21061.1
2023-06-24,1480348.6,10280.198611111111,20645.5
2023-06-25,1699701.8,11803.484722222223,24535.3
2023-06-26,1512573.0,10503.979166666666,20328.4
2023-06-27,1361468.7,9454.64375,18743.7
2023-06-28,1219142.6,8466.268055555556,17438.1
2023-06-29,1283654.8,8914.269444444444,19770.699999999997
2023-06-30,1441944.2,10013.501388888888,21467.5
2023-07-01,1625653.5,11289.260416666666,24026.1
2023-07-02,1450032.6,10069.670833333334,18070.899999999998
2023-07-03,1544946.1,10728.792361111111,22653.5
2023-07-04,1838824.4,12769.613888888889,27381.5
2023-07-05,2080942.4,14450.988888888889,29045.300000000003
2023-07-06,1896643.0,13171.131944444445,28225.5
2023-07-07,1677148.2,11646.8625,23412.4
2023-07-08,1401090.2,9729.793055555556,19951.9
2023-07-09,1461824.9,10151.561805555555,20949.4
2023-07-10,1615321.3,11217.509027777778,24522.9
2023-07-11,1694116.8,11764.7,25912.1
2023-07-12,1412687.1,9810.327083333334,21291.3
2023-07-13,1372395.2,9530.522222222222,19624.4
2023-07-14,1401548.3,9732.974305555555,20494.0
2023-07-15,1432989.4,9951.315277777778,19149.9
2023-07-16,1551012.1,10770.917361111111,21899.2
2023-07-17,1540853.4,10700.370833333332,22611.0
2023-07-18,1462214.6,10154.268055555556,21150.199999999997
2023-07-19,1423806.3,9887.54375,20180.9
2023-07-20,1543947.7,10721.859027777777,23937.5
2023-07-21,1468892.0,10200.638888888889,21046.600000000002
2023-07-22,1539131.4,10688.412499999999,22812.7
2023-07-23,1478981.0,10270.701388888889,21004.899999999998
2023-07-24,1481109.7,10285.484027777777,21989.6
2023-07-25,1547721.2,10748.063888888888,23463.600000000002
2023-07-26,1774523.2,12323.077777777777,26831.2
2023-07-27,1815103.4,12604.884722222221,26862.9
2023-07-28,1886483.5,13100.579861111111,28123.699999999997
2023-07-29,1536934.5,10673.15625,18741.4
2023-07-30,1324623.7,9198.775694444445,17897.2
2023-07-31,1313200.5,9119.447916666666,19521.600000000002
2023-08-01,1257280.6,8731.115277777779,18967.2
2023-08-02,1292920.8,8978.616666666667,19018.1
2023-08-03,1623260.9,11272.645138888889,25068.699999999997
2023-08-04,1526834.4,10603.016666666666,22671.1
2023-08-05,1417301.4,9842.370833333332,20351.5
2023-08-06,1309784.8,9095.727777777778,18734.399999999998
2023-08-07,1406456.8,9767.061111111112,19641.1
2023-08-08,1334619.1,9268.188194444445,19425.7
2023-08-09,1506170.9,10459.520138888889,23362.5
2023-08-10,1504000.1,10444.44513888889,21547.1
2023-08-11,1422202.6,9876.406944444445,20991.6
2023-08-12,1543074.9,10715.797916666666,22637.1
2023-08-13,1444893.3,10033.98125,20051.100000000002
2023-08-14,1386159.0,9626.104166666666,20983.6
2023-08-15,1305569.2,9066.452777777777,18494.199999999997
2023-08-16,1502915.4,10436.912499999999,22988.5
2023-08-17,1460508.2,10142.418055555556,21664.1
2023-08-18,1146550.6,7962.156944444445,16094.8
2023-08-19,1212680.1,8421.389583333334,17614.7
2023-08-20,1454201.2,10098.619444444445,21417.4
2023-08-21,1465355.2,10176.077777777777,21567.1
2023-08-22,1319244.1,9161.417361111111,20302.5
2023-08-23,1174531.1,8156.465972222223,15878.3
2023-08-24,1207507.6,8385.469444444445,16737.0
2023-08-25,1330600.1,9240.278472222222,19227.1
2023-08-26,1288038.7,8944.713194444445,18662.1
2023-08-27,1164545.0,8087.118055555556,16018.3
2023-08-28,1226541.8,8517.65138888889,18842.6
2023-08-29,1267125.3,8799.48125,19200.9
2023-08-30,1128163.2,7834.466666666666,15765.0
2023-08-31,1099743.8,7637.109722222222,16262.599999999999
2023-09-01,1171067.6,8132.413888888889,17553.7
2023-09-02,1241728.4,8623.113888888889,17679.7
2023-09-03,1511860.6,10499.031944444445,22900.1
2023-09-04,1928159.6,13389.997222222222,28494.6
2023-09-05,2069825.5,14373.788194444445,29812.199999999997
2023-09-06,2060992.3,14312.446527777778,29740.499999999996
2023-09-07,1754157.9,12181.652083333332,24922.6
2023-09-08,1231184.4,8549.891666666666,16539.4
2023-09-09,1167319.9,8106.388194444444,15574.0
2023-09-10,1264888.7,8783.949305555556,17249.0
2023-09-11,1287930.5,8943.961805555555,18444.8
2023-09-12,1246893.4,8658.981944444444,17216.5
2023-09-13,1076477.8,7475.540277777778,14470.8
2023-09-14,1051615.0,7302.881944444444,14865.400000000001
2023-09-15,1072469.1,7447.702083333334,15279.1
2023-09-16,1111781.1,7720.702083333334,15387.599999999999
2023-09-17,1163004.8,8076.422222222222,15999.0
2023-09-18,1110077.3,7708.870138888889,15917.5
2023-09-19,1061558.0,7371.930555555556,15229.9
2023-09-20,1047879.4,7276.940277777778,14945.6
2023-09-21,1082274.5,7515.795138888889,15908.1
2023-09-22,1109835.8,7707.1930555555555,15940.2
2023-09-23,1113697.7,7734.011805555555,15373.899999999998
2023-09-24,1135803.0,7887.520833333333,15609.000000000002
2023-09-25,1134038.4,7875.266666666666,16760.3
2023-09-26,1089835.7,7568.303472222222,15664.8
2023-09-27,1063249.8,7383.679166666667,15088.2
2023-09-28,1037062.9,7201.825694444445,14404.900000000001
2023-09-29,1081505.6,7510.455555555556,15309.7
2023-09-30,1157541.9,8038.485416666666,16277.100000000002
2023-10-01,1212266.0,8418.513888888889,17191.3
2023-10-02,1292053.2,8972.591666666667,19690.8
2023-10-03,1417310.3,9842.43263888889,22253.4
2023-10-04,1439049.1,9993.396527777779,22256.3
2023-10-05,1293472.9,8982.450694444444,17404.9
2023-10-06,1187171.2,8244.244444444445,16788.3
2023-10-07,1045149.8,7257.984722222222,14300.6
2023-10-08,1056518.7,7336.935416666666,14458.9
2023-10-09,1106947.5,7687.135416666667,14649.5
2023-10-10,1099438.4,7634.988888888888,14846.8
2023-10-11,1083766.7,7526.157638888889,14828.099999999999
2023-10-12,1071542.7,7441.268749999999,14732.5
2023-10-13,1074630.6,7462.712500000001,14292.8
2023-10-14,1100288.8,7640.894444444445,14655.099999999999
2023-10-15,1137441.7,7898.9006944444445,15445.8
2023-10-16,1112016.2,7722.334722222222,15204.0
2023-10-17,1070995.7,7437.470138888889,14862.400000000001
2023-10-18,1060454.5,7364.267361111111,14594.9
2023-10-19,1059058.2,7354.570833333333,14487.3
2023-10-20,1072624.6,7448.781944444445,14535.6
2023-10-21,1116759.5,7755.274305555556,14934.199999999999
2023-10-22,1155901.9,8027.096527777777,15671.2
2023-10-23,1128373.6,7835.927777777779,15027.1
2023-10-24,1064851.3,7394.800694444445,14606.2
2023-10-25,1049935.8,7291.220833333334,14649.0
2023-10-26,1057432.5,7343.28125,14613.9
2023-10-27,1059196.7,7355.532638888889,14420.7
2023-10-28,1083615.2,7525.105555555555,14516.5
2023-10-29,1169193.8,8119.401388888889,15999.5
2023-10-30,1197280.7,8314.449305555556,16072.9
2023-10-31,1203312.3,8356.335416666667,15605.399999999998
2023-11-01,1240595.6,8615.247222222222,16611.800000000003
2023-11-02,1214912.2,8436.890277777777,15825.600000000002
2023-11-03,1155301.2,8022.924999999999,15183.399999999998
2023-11-04,1157282.3,8036.682638888889,15213.0
2023-11-05,1186594.7,8240.240972222222,16341.3
2023-11-06,1164533.3,8087.0368055555555,16471.7
2023-11-07,1162872.7,8075.504861111111,16525.0
2023-11-08,1290480.8,8961.672222222223,17541.9
2023-11-09,1221379.2,8481.8,16213.099999999999
2023-11-10,1204182.6,8362.379166666668,16070.5
2023-11-11,1275492.9,8857.589583333332,17085.1
2023-11-12,1276181.1,8862.368750000001,16844.399999999998
2023-11-13,1212070.3,8417.154861111112,16298.0
2023-11-14,1189179.7,8258.19236111111,16467.4
2023-11-15,1181841.4,8207.231944444444,16220.4
2023-11-16,1164733.1,8088.424305555556,15995.7
2023-11-17,1189223.7,8258.497916666667,16391.0
2023-11-18,1245685.9,8650.596527777778,16709.699999999997
2023-11-19,1285220.6,8925.143055555556,17368.0
2023-11-20,1328042.9,9222.520138888889,18145.899999999998
2023-11-21,1341301.9,9314.596527777778,17958.2
2023-11-22,1271944.4,8832.947222222221,17455.9
2023-11-23,1275307.4,8856.301388888889,17272.2
2023-11-24,1339332.2,9300.918055555556,17693.8
2023-11-25,1370499.4,9517.356944444444,17579.1
2023-11-26,1341871.9,9318.55486111111,17847.8
2023-11-27,1353338.2,9398.181944444445,18327.2
2023-11-28,1416963.8,9840.02638888889,18867.899999999998
2023-11-29,1447459.1,10051.799305555556,18999.5
2023-11-30,1323965.7,9194.20625,17529.8
2023-12-01,1319113.3,9160.509027777778,17846.4
2023-12-02,1363414.2,9468.154166666667,17987.4
2023-12-03,1386178.5,9626.239583333334,18465.8
2023-12-04,1348208.8,9362.561111111112,18415.1
2023-12-05,1355345.0,9412.118055555555,18349.0
2023-12-06,1371546.2,9524.626388888888,18634.7
2023-12-07,1359964.2,9444.195833333333,18258.3
2023-12-08,1295761.7,8998.345138888888,17318.9
2023-12-09,1266662.5,8796.267361111111,17061.9
2023-12-10,1302581.7,9045.70625,18087.4
2023-12-11,1359896.1,9443.722916666668,18694.5
2023-12-12,1370366.1,9516.431250000001,18516.5
2023-12-13,1382786.3,9602.68263888889,18635.2
2023-12-14,1378468.3,9572.696527777778,18179.4
2023-12-15,1282324.4,8905.030555555555,16946.1
2023-12-16,1312561.6,9115.011111111111,17717.800000000003
2023-12-17,1325070.8,9201.880555555555,17924.0
2023-12-18,1301039.8,9034.998611111112,17805.7
2023-12-19,1405709.2,9761.869444444445,18700.399999999998
2023-12-20,1378950.7,9576.046527777777,18322.5
2023-12-21,1390996.6,9659.698611111111,18762.6
2023-12-22,1430247.6,9932.275000000001,18133.300000000003
2023-12-23,1389682.4,9650.572222222221,17908.1
2023-12-24,1314565.6,9128.927777777779,17817.699999999997
2023-12-25,1240418.4,8614.016666666666,15802.9
2023-12-26,1200673.1,8338.00763888889,16105.500000000002
2023-12-27,1218570.8,8462.297222222223,16844.9
2023-12-28,1214700.9,8435.422916666666,16788.4
2023-12-29,1230278.9,8543.603472222221,16856.0
2023-12-30,1335508.9,9274.36736111111,17895.6
2023-12-31,1356973.1,9423.424305555556,18024.3
2024-01-01,1350233.2,9376.619444444445,17254.1
2024-01-02,1392944.2,9673.22361111111,18606.5
2024-01-03,1376041.5,9555.84375,18388.4
2024-01-04,1409782.0,9790.152777777777,18913.9
2024-01-05,1438002.7,9986.12986111111,18448.5
2024-01-06,1442074.5,10014.40625,18925.300000000003
2024-01-07,1465828.4,10179.363888888889,18882.7
2024-01-08,1384154.5,9612.184027777777,18173.0
2024-01-09,1397289.4,9703.39861111111,18662.2
2024-01-10,1374332.8,9543.977777777778,18588.0
2024-01-11,1375061.7,9549.039583333333,17926.300000000003
2024-01-12,1411444.4,9801.697222222221,18489.3
2024-01-13,1463543.5,10163.496527777777,19094.0
2024-01-14,1569929.1,10902.285416666668,20290.2
2024-01-15,1604232.4,11140.502777777778,20040.1
2024-01-16,1598455.4,11100.384722222221,19975.7
2024-01-17,1651515.7,11468.859027777777,20378.5
2024-01-18,1584100.5,11000.697916666666,19326.6
2024-01-19,1602835.5,11130.802083333334,19724.3
2024-01-20,1702589.4,11823.537499999999,20450.199999999997
2024-01-21,1632559.7,11337.220138888888,20156.1
2024-01-22,1556142.2,10806.543055555556,19434.4
2024-01-23,1460761.2,10144.175,18769.0
2024-01-24,1428032.6,9916.893055555556,18556.8
2024-01-25,1373888.5,9540.892361111111,18009.3
2024-01-26,1361592.5,9455.503472222223,17539.1
2024-01-27,1385977.5,9624.84375,18092.1
2024-01-28,1416450.3,9836.460416666667,18578.6
2024-01-29,1363685.0,9470.034722222223,17687.800000000003
2024-01-30,1380831.1,9589.104861111111,18178.1
2024-01-31,1342920.1,9325.834027777779,17842.4
2024-02-01,1342404.8,9322.255555555555,17534.3
2024-02-02,1329058.5,9229.572916666666,17213.199999999997
2024-02-03,1384071.0,9611.604166666666,17856.6
2024-02-04,1401812.4,9734.808333333332,18349.8
2024-02-05,1373207.9,9536.165972222221,17854.9
2024-02-06,1343961.9,9333.068749999999,17395.0
2024-02-07,1333826.2,9262.681944444445,17370.3
2024-02-08,1312481.6,9114.455555555556,17124.5
2024-02-09,1227563.3,8524.74513888889,15692.6
2024-02-10,1241044.0,8618.361111111111,17042.3
2024-02-11,1345975.6,9347.052777777779,18043.9
2024-02-12,1326912.0,9214.666666666666,17517.3
2024-02-13,1369834.1,9512.736805555556,17970.9
2024-02-14,1411305.1,9800.729861111111,17867.6
2024-02-15,1448301.9,10057.652083333332,18235.9
2024-02-16,1433617.7,9955.678472222222,17990.5
2024-02-17,1463826.0,10165.458333333334,18509.2
2024-02-18,1472017.9,10222.346527777778,18103.6
2024-02-19,1448965.2,10062.258333333333,17865.8
2024-02-20,1382455.2,9600.383333333333,17541.699999999997
2024-02-21,1312149.4,9112.14861111111,17073.9
2024-02-22,1239410.8,8607.019444444444,16419.2
2024-02-23,1274698.2,8852.070833333333,17199.1
2024-02-24,1478837.0,10269.701388888889,18526.2
2024-02-25,1434287.5,9960.329861111111,18029.6
2024-02-26,1281476.8,8899.144444444444,16493.6
2024-02-27,1264401.6,8780.566666666668,17072.7
2024-02-28,1272979.6,8840.136111111111,18062.8
2024-02-29,1450802.0,10075.013888888889,18385.1
2024-03-01,1334013.4000000001,9263.981944444446,16517.300000000003
2024-03-02,1314701.8,9129.873611111112,17061.7
2024-03-03,1287841.0,8943.340277777777,17176.0
2024-03-04,1192852.8,8283.7,15591.0
2024-03-05,1145014.5,7951.489583333333,15792.199999999999
2024-03-06,1198342.0,8321.819444444445,16964.5
2024-03-07,1199474.3,8329.68263888889,16071.900000000001
2024-03-08,1207536.2,8385.668055555556,15690.699999999999
2024-03-09,1253703.8,8706.27638888889,16716.9
2024-03-10,1352265.9,9390.735416666666,17902.7
2024-03-11,1295191.3,8994.384027777778,16907.8
2024-03-12,1192705.8,8282.679166666667,15686.7
2024-03-13,1116809.6,7755.622222222223,15087.7
2024-03-14,1172256.7,8140.671527777778,15984.1
2024-03-15,1183364.9,8217.811805555555,15870.1
2024-03-16,1256925.6,8728.650000000001,16145.2
2024-03-17,1277202.1,8869.459027777779,16856.5
2024-03-18,1338341.6,9294.03888888889,17166.2
2024-03-19,1359025.7,9437.678472222222,17323.5
2024-03-20,1358053.3,9430.925694444444,17453.9
2024-03-21,1419482.0,9857.513888888889,17603.4
2024-03-22,1464413.5,10169.538194444445,17998.7
2024-03-23,1420383.7,9863.775694444445,17290.9
2024-03-24,1402618.1,9740.403472222222,17232.2
2024-03-25,1292862.9,8978.214583333332,16278.0
2024-03-26,1251108.6,8688.254166666668,16484.2
2024-03-27,1204454.5,8364.267361111111,15926.3
2024-03-28,1205090.1,8368.681250000001,15629.2
2024-03-29,1248858.4,8672.627777777778,15758.099999999999
2024-03-30,1242137.3,8625.953472222223,15594.899999999998
2024-03-31,1220849.9,8478.124305555555,15314.9
2024-04-01,1191331.3,8273.134027777778,15759.2
2024-04-02,1246372.5,8655.364583333334,16445.8
2024-04-03,1298480.2,9017.22361111111,16942.7
2024-04-04,1305389.9,9065.207638888889,16965.8
2024-04-05,1288347.9,8946.860416666666,16448.2
2024-04-06,1226565.9,8517.818749999999,15841.3
2024-04-07,1178798.5,8186.100694444444,15345.8
2024-04-08,1150400.9,7988.895138888888,15787.1
2024-04-09,1100903.3,7645.1618055555555,14641.2
2024-04-10,1056115.9,7334.138194444444,14517.600000000002
2024-04-11,1113962.7,7735.852083333333,15495.3
2024-04-12,1146744.6,7963.5041666666675,15677.2
2024-04-13,1212127.8,8417.554166666667,16132.5
2024-04-14,1146666.8,7962.963888888889,14961.599999999999
2024-04-15,1089944.2,7569.0569444444445,14979.3
2024-04-16,1070105.2,7431.286111111111,14619.9
2024-04-17,1178492.3,8183.9743055555555,16232.2
2024-04-18,1132861.9,7867.096527777777,15363.199999999999
2024-04-19,1119738.0,7775.958333333333,15476.8
2024-04-20,1202821.9,8352.92986111111,16033.7
2024-04-21,1208377.2,8391.508333333333,15567.1
2024-04-22,1142462.6,7933.768055555556,15229.699999999999
2024-04-23,1120970.3,7784.515972222222,14987.699999999999
2024-04-24,1135252.3,7883.696527777778,15581.3
2024-04-25,1156142.3,8028.765972222222,15204.099999999999
2024-04-26,1137837.6,7901.650000000001,15224.0
2024-04-27,1157708.8,8039.644444444445,16052.3
2024-04-28,1113258.4,7730.961111111111,14798.8
2024-04-29,1089983.4,7569.329166666666,15079.2
2024-04-30,1077501.0,7482.645833333333,14969.900000000001
2024-05-01,1050653.2,7296.202777777778,14365.599999999999
2024-05-02,1039208.5,7216.725694444444,14381.0
2024-05-03,1044164.8,7251.144444444445,14526.4
2024-05-04,1076105.0,7472.951388888889,14671.0
2024-05-05,1075935.0,7471.770833333333,14329.9
2024-05-06,1040442.2,7225.293055555555,14516.6
2024-05-07,1033632.8,7178.0055555555555,14417.2
2024-05-08,1034076.4,7181.086111111112,14461.0
2024-05-09,1028160.7,7140.004861111111,14286.9
2024-05-10,1030730.8,7157.852777777778,14507.2
2024-05-11,1061114.9,7368.853472222221,14332.8
2024-05-12,1052028.3,7305.752083333334,13985.8
2024-05-13,1048705.6,7282.677777777779,14684.5
2024-05-14,1042307.1,7238.24375,14585.3
2024-05-15,1035741.7,7192.6506944444445,14370.1
2024-05-16,1066152.5,7403.836805555556,14947.0
2024-05-17,1060698.0,7365.958333333333,14702.0
2024-05-18,1094026.1,7597.403472222223,14878.9
2024-05-19,1113021.4,7729.315277777777,15053.3
2024-05-20,1249027.4,8673.801388888889,17675.8
2024-05-21,1441601.3,10011.12013888889,21202.6
2024-05-22,1575450.6,10940.629166666668,22823.800000000003
2024-05-23,1397496.6,9704.837500000001,19625.2
2024-05-24,1313748.4,9123.252777777778,19268.0
2024-05-25,1138176.5,7904.003472222223,14828.9
2024-05-26,1173863.8,8151.831944444445,16073.0
2024-05-27,1172088.2,8139.501388888889,16935.4
2024-05-28,1097430.1,7621.042361111112,15375.9
2024-05-29,1068820.0,7422.361111111111,15185.7
2024-05-30,1046909.3,7270.203472222222,14504.900000000001
2024-05-31,1102482.8,7656.1305555555555,16179.7
2024-06-01,1169828.0,8123.805555555556,16458.5
2024-06-02,1131136.9,7855.117361111111,14626.2
2024-06-03,1192603.3,8281.967361111112,17530.1
2024-06-04,1379141.7,9577.372916666667,21682.800000000003
2024-06-05,1436323.0,9974.465277777777,21054.1
2024-06-06,1420817.0,9866.784722222223,20367.5
2024-06-07,1154238.8,8015.547222222222,15763.5
2024-06-08,1112599.4,7726.384722222221,15230.5
2024-06-09,1094892.9,7603.422916666666,14045.099999999999
2024-06-10,1033055.9,7173.999305555556,14268.5
2024-06-11,1028348.4,7141.308333333333,14400.599999999999
2024-06-12,1099595.6,7636.080555555556,16098.8
2024-06-13,1385160.9,9619.172916666666,21867.0
2024-06-14,1393836.6,9679.420833333334,19995.9
2024-06-15,1232264.9,8557.395138888889,17095.699999999997
2024-06-16,1217552.3,8455.224305555555,16938.4
2024-06-17,1560816.2,10839.001388888888,24386.300000000003
2024-06-18,1915394.7,13301.352083333333,28859.7
2024-06-19,2059073.8,14299.123611111112,30178.2
2024-06-20,2014299.2,13988.188888888888,28608.6
2024-06-21,1715800.8,11915.283333333333,24265.0
2024-06-22,1589761.9,11040.013194444444,23237.100000000002
2024-06-23,1554195.4,10793.02361111111,22219.4
2024-06-24,1570320.6,10905.004166666668,24295.7
2024-06-25,1454760.3,10102.502083333333,20214.300000000003
2024-06-26,1500678.2,10421.376388888888,22932.8
2024-06-27,1243905.1,8638.229861111111,18266.8
2024-06-28,1153150.7,8007.990972222222,16706.0
2024-06-29,1346199.1,9348.604861111111,19055.5
2024-06-30,1207008.4,8382.002777777778,15605.0
2024-07-01,1175260.6,8161.531944444445,16998.3
2024-07-02,1281172.0,8897.027777777777,19575.3
2024-07-03,1641705.8,11400.734722222223,24929.7
2024-07-04,1831491.4,12718.690277777778,26672.0
2024-07-05,1747284.9,12133.922916666666,26708.6
2024-07-06,1692751.8,11755.220833333333,23355.5
2024-07-07,1757579.9,12205.415972222221,25449.1
2024-07-08,1852747.5,12866.302083333334,26398.1
2024-07-09,1904599.3,13226.384027777778,27840.5
2024-07-10,1520044.5,10555.864583333334,19495.9
2024-07-11,1469487.4,10204.77361111111,21634.2
2024-07-12,1585644.6,11011.420833333334,24077.9
2024-07-13,1706630.6,11851.60138888889,24670.9
2024-07-14,1796495.5,12475.663194444445,24896.1
2024-07-15,1694996.7,11770.810416666667,22639.9
2024-07-16,1616422.0,11225.152777777777,24031.8
2024-07-17,1637705.1,11372.952083333334,23848.6
2024-07-18,1381140.2,9591.251388888888,18593.7
2024-07-19,1377020.1,9562.639583333334,19803.399999999998
2024-07-20,1519602.3,10552.79375,22442.3
2024-07-21,1630025.8,11319.623611111112,23591.7
2024-07-22,1660021.9,11527.92986111111,25031.9
2024-07-23,1744843.9,12116.971527777778,25908.9
2024-07-24,1636597.7,11365.261805555556,22601.4
2024-07-25,1425374.7,9898.435416666667,20548.5
2024-07-26,1493528.2,10371.72361111111,23118.5
2024-07-27,1613635.3,11205.800694444444,23940.8
2024-07-28,1780385.5,12363.788194444445,26364.7
2024-07-29,1910116.0,13264.694444444445,28161.199999999997
2024-07-30,2000611.4,13893.134722222221,29150.1
2024-07-31,2057560.7,14288.615972222222,29282.5
2024-08-01,2005981.7,13930.428472222222,28826.6
2024-08-02,1968387.6,13669.358333333334,28010.700000000004
2024-08-03,1911053.9,13271.207638888889,26362.699999999997
2024-08-04,1787582.2,12413.765277777777,24829.699999999997
2024-08-05,1646245.8,11432.2625,22711.3
2024-08-06,1327616.8,9219.561111111112,17220.6
2024-08-07,1340105.6,9306.28888888889,20337.4
2024-08-08,1415539.2,9830.133333333333,19454.1
2024-08-09,1552705.5,10782.677083333334,22595.5
2024-08-10,1307484.8,9079.755555555555,17876.4
2024-08-11,1233715.5,8567.46875,16566.5
2024-08-12,1214659.3,8435.134027777778,17411.4
2024-08-13,1365666.5,9483.795138888889,20784.8
2024-08-14,1522028.8,10569.644444444444,23897.9
2024-08-15,1633945.6,11346.844444444445,24645.1
2024-08-16,1572811.0,10922.298611111111,22122.0
2024-08-17,1546423.8,10739.054166666667,21272.6
2024-08-18,1556900.3,10811.80763888889,22371.8
2024-08-19,1146794.8,7963.852777777778,15445.8
2024-08-20,1061302.6,7370.156944444445,14825.699999999999
2024-08-21,1077072.9,7479.672916666666,15335.3
2024-08-22,1162006.5,8069.489583333333,17167.600000000002
2024-08-23,1261178.7,8758.185416666667,18837.3
2024-08-24,1359917.3,9443.87013888889,19827.699999999997
2024-08-25,1563269.9,10856.040972222221,23431.7
2024-08-26,1684280.8,11696.394444444444,25584.5
2024-08-27,1899372.7,13190.088194444445,27961.7
2024-08-28,1624361.2,11280.28611111111,22894.7
2024-08-29,1270445.8,8822.540277777778,17284.9
2024-08-30,1435410.4,9968.127777777778,22080.2
2024-08-31,1589587.5,11038.802083333334,22816.199999999997
2024-09-01,1403781.2,9748.480555555556,19339.0
2024-09-02,1130920.7,7853.615972222222,14742.2
2024-09-03,1130170.9,7848.409027777777,16548.300000000003
2024-09-04,1207389.8,8384.65138888889,18403.4
2024-09-05,1297846.6,9012.823611111111,19623.7
2024-09-06,1232942.1,8562.097916666668,17409.7
2024-09-07,1082111.3,7514.6618055555555,14521.8
2024-09-08,1065795.2,7401.355555555555,14407.900000000001
2024-09-09,1060869.5,7367.149305555556,14548.8
2024-09-10,1102515.6,7656.358333333334,16018.7
2024-09-11,1143930.0,7943.958333333333,16840.0
2024-09-12,1220781.2,8477.647222222222,18553.1
2024-09-13,1312647.3,9115.60625,20094.9
2024-09-14,1384577.8,9615.123611111112,20390.5
2024-09-15,1517913.1,10541.063194444445,22148.3
2024-09-16,1514504.4,10517.391666666666,22797.8
2024-09-17,1388838.5,9644.711805555555,20150.8
2024-09-18,1332201.7,9251.400694444445,20594.7
2024-09-19,1391337.9,9662.068749999999,21729.2
2024-09-20,1340740.5,9310.697916666666,19719.9
2024-09-21,1379333.7,9578.70625,20079.8
2024-09-22,1341378.1,9315.125694444445,17728.1
2024-09-23,1242979.4,8631.801388888889,16536.1
2024-09-24,1140042.0,7916.958333333333,14961.6
2024-09-25,1183537.4,8219.009722222221,16635.8
2024-09-26,1222311.8,8488.27638888889,18050.0
2024-09-27,1163301.9,8078.485416666666,16506.4
2024-09-28,1199995.2,8333.3,16122.699999999999
2024-09-29,1301512.3,9038.279861111112,18327.9
2024-09-30,1255989.4,8722.14861111111,17887.4
2024-10-01,1165495.6,8093.719444444445,15470.1
2024-10-02,1061294.5,7370.100694444444,14572.1
2024-10-03,1056148.6,7334.365277777779,14598.7
2024-10-04,1052920.4,7311.947222222221,14601.7
2024-10-05,1059659.1,7358.743750000001,14321.8
2024-10-06,1105581.5,7677.649305555556,15099.599999999999
2024-10-07,1035941.4,7194.0375,14206.6
2024-10-08,1034308.6,7182.698611111111,14260.099999999999
2024-10-09,1072175.8,7445.665277777778,14905.2
2024-10-10,1076625.2,7476.563888888889,14258.599999999999
2024-10-11,1069126.2,7424.487499999999,14443.9
2024-10-12,1057025.2,7340.452777777778,14397.3
2024-10-13,1075533.5,7468.982638888889,14372.400000000001
2024-10-14,1112824.1,7727.945138888889,14602.4
2024-10-15,1126835.6,7825.247222222223,14979.1
2024-10-16,1134168.0,7876.166666666667,15140.999999999998
2024-10-17,1114660.3,7740.696527777778,14569.3
2024-10-18,1086165.3,7542.814583333334,14310.7
2024-10-19,1092441.8,7586.401388888889,14336.2
2024-10-20,1095293.8,7606.206944444445,14813.3
2024-10-21,1076897.7,7478.456249999999,15183.8
2024-10-22,1070548.9,7434.367361111111,15157.2
2024-10-23,1050523.4,7295.301388888888,14518.8
2024-10-24,1063275.5,7383.857638888889,14483.3
2024-10-25,1111236.7,7716.921527777778,14893.9
2024-10-26,1139480.1,7913.056250000001,15057.2
2024-10-27,1173087.9,8146.443749999999,15617.5
2024-10-28,1145464.8,7954.616666666667,15503.8
2024-10-29,1138511.0,7906.326388888889,15644.1
2024-10-30,1067994.1,7416.625694444445,14803.0
2024-10-31,1051076.9,7299.145138888888,14523.7
2024-11-01,1082717.9,7518.874305555555,14603.6
2024-11-02,1167842.6,8110.018055555556,15003.599999999999
2024-11-03,1199676.3,8331.085416666667,15922.999999999998
2024-11-04,1127386.4,7829.072222222221,15492.5
2024-11-05,1059609.9,7358.4020833333325,15039.4
2024-11-06,1051609.5,7302.84375,14874.1
2024-11-07,1058993.9,7354.124305555555,14851.8
2024-11-08,1109074.4,7701.905555555555,15162.3
2024-11-09,1184263.6,8224.052777777779,15739.3
2024-11-10,1205528.3,8371.724305555555,16080.599999999999
2024-11-11,1153992.7,8013.8381944444445,15991.8
2024-11-12,1195622.0,8302.930555555555,16158.4
2024-11-13,1240885.1,8617.25763888889,16589.7
2024-11-14,1193840.7,8290.560416666667,15960.7
2024-11-15,1183239.2,8216.938888888888,15709.0
2024-11-16,1216659.9,8449.027083333332,16017.400000000001
2024-11-17,1244602.7,8643.074305555556,16677.199999999997
2024-11-18,1143239.3,7939.1618055555555,15737.0
2024-11-19,1180787.5,8199.913194444445,16248.1
2024-11-20,1175084.9,8160.311805555555,16121.2
2024-11-21,1218424.6,8461.281944444445,16384.5
2024-11-22,1241333.8,8620.373611111112,16429.800000000003
2024-11-23,1259457.1,8746.229861111111,16439.300000000003
2024-11-24,1285404.0,8926.416666666666,17010.8
2024-11-25,1280436.9,8891.922916666666,17219.7
2024-11-26,1238471.5,8600.496527777777,17107.3
2024-11-27,1268400.8,8808.33888888889,17309.6
2024-11-28,1280018.0,8889.013888888889,17065.0
2024-11-29,1350343.4,9377.384722222221,17513.899999999998
2024-11-30,1429383.2,9926.272222222222,18182.2
2024-12-01,1445887.9,10040.888194444444,18554.0
2024-12-02,1392754.2,9671.904166666667,18208.3
2024-12-03,1366934.1,9492.597916666668,17951.6
2024-12-04,1429142.5,9924.600694444445,18714.9
2024-12-05,1409098.7,9785.407638888888,18398.3
2024-12-06,1476265.4,10251.843055555555,18548.9
2024-12-07,1485932.2,10318.97361111111,18725.0
2024-12-08,1387481.7,9635.289583333333,17923.9
2024-12-09,1380662.9,9587.936805555555,18165.5
2024-12-10,1291130.1,8966.181250000001,17164.0
2024-12-11,1312469.2,9114.369444444445,17839.5
2024-12-12,1475917.5,10249.427083333334,19127.6
2024-12-13,1517808.3,10540.335416666667,18658.4
2024-12-14,1520957.1,10562.202083333334,18815.0
2024-12-15,1469798.6,10206.934722222222,18521.3
2024-12-16,1360209.2,9445.897222222222,18144.0
2024-12-17,1326110.4,9209.099999999999,17907.1
2024-12-18,1357007.2,9423.66111111111,17913.8
2024-12-19,1400205.6,9723.650000000001,18335.800000000003
2024-12-20,1474621.4,10240.426388888889,18370.7
2024-12-21,1566795.4,10880.52361111111,19687.8
2024-12-22,1636711.5,11366.052083333334,19916.6
2024-12-23,1536101.5,10667.371527777777,19147.8
2024-12-24,1422804.1,9880.584027777779,18219.4
2024-12-25,1380312.0,9585.5,16714.399999999998
2024-12-26,1343350.1,9328.82013888889,16717.5
2024-12-27,1353342.9,9398.214583333332,17237.5
2024-12-28,1309858.2,9096.2375,16811.9
2024-12-29,1294923.1,8992.521527777779,17336.1
2024-12-30,1300283.4,9029.745833333332,17208.5
2024-12-31,1316614.4,9143.155555555555,17219.6
2025-01-01,1295338.3,8995.404861111112,16280.900000000001
2025-01-02,1383817.0,9609.840277777777,18093.7
2025-01-03,1439785.8,9998.5125,18331.8
2025-01-04,1529070.3,10618.54375,19066.8
2025-01-05,1540404.6,10697.254166666668,19178.0
2025-01-06,1552269.9,10779.652083333332,19603.3
2025-01-07,1569525.5,10899.482638888889,19341.5
2025-01-08,1601336.6,11120.393055555556,19683.1
2025-01-09,1605402.6,11148.629166666668,19292.7
2025-01-10,1573914.6,10929.962500000001,18820.0
2025-01-11,1508504.4,10475.724999999999,18584.2
2025-01-12,1478706.1,10268.792361111111,18731.5
2025-01-13,1476905.6,10256.28888888889,18619.800000000003
2025-01-14,1550980.5,10770.697916666666,19328.2
2025-01-15,1581659.5,10983.746527777777,19190.1
2025-01-16,1544928.6,10728.670833333334,18803.699999999997
2025-01-17,1452058.7,10083.740972222222,17735.1
2025-01-18,1478437.5,10266.927083333334,18567.8
2025-01-19,1576423.2,10947.383333333333,19306.399999999998
2025-01-20,1654874.2,11492.181944444445,20180.0
2025-01-21,1719728.4,11942.558333333332,20454.1
2025-01-22,1766704.0,12268.777777777777,20741.6
2025-01-23,1650429.7,11461.31736111111,19216.1
2025-01-24,1599933.6,11110.650000000001,18986.100000000002
2025-01-25,1629376.6,11315.115277777779,19444.7
2025-01-26,1556549.0,10809.368055555555,19383.1
2025-01-27,1523695.7,10581.220138888888,18720.6
2025-01-28,1530438.6,10628.045833333334,19028.4
2025-01-29,1502644.9,10435.034027777778,19126.7
2025-01-30,1535881.1,10665.840972222222,18361.800000000003
2025-01-31,1469606.0,10205.597222222223,17886.2
2025-02-01,1615265.0,11217.118055555555,19410.9
2025-02-02,1632032.7,11333.560416666667,19631.3
2025-02-03,1495624.4,10386.280555555555,18245.6
2025-02-04,1501124.6,10424.47638888889,18820.4
2025-02-05,1550372.4,10766.474999999999,18866.1
2025-02-06,1521304.2,10564.6125,18453.9
2025-02-07,1530939.8,10631.52638888889,18407.8
2025-02-08,1563548.3,10857.974305555555,18812.3
2025-02-09,1552425.2,10780.730555555556,19289.1
2025-02-10,1532868.3,10644.91875,18818.0
2025-02-11,1530570.1,10628.959027777779,18786.0
2025-02-12,1578471.5,10961.607638888889,19310.699999999997
2025-02-13,1552773.2,10783.147222222222,18624.1
2025-02-14,1525617.1,10594.563194444445,18122.0
2025-02-15,1551235.6,10772.469444444445,18750.0
2025-02-16,1569376.3,10898.446527777778,18784.9
2025-02-17,1585914.0,11013.291666666666,19310.100000000002
2025-02-18,1633770.7,11345.62986111111,19523.7
2025-02-19,1600589.0,11115.201388888889,19311.199999999997
2025-02-20,1603396.5,11134.697916666666,19268.0
2025-02-21,1555758.2,10803.876388888888,18547.2
2025-02-22,1555690.0,10803.402777777777,18688.2
2025-02-23,1513386.6,10509.629166666668,18429.9
2025-02-24,1406813.5,9769.538194444445,17381.3
2025-02-25,1332542.3,9253.765972222223,16901.199999999997
2025-02-26,1323969.7,9194.234027777777,16969.4
2025-02-27,1350417.1,9377.896527777779,17043.0
2025-02-28,1399322.1,9717.514583333334,17236.4
2025-03-01,1510735.7,10491.220138888888,18717.8
2025-03-02,1636421.8,11364.040277777778,19194.4
2025-03-03,1473479.6,10232.497222222222,17646.8
2025-03-04,1392002.5,9666.684027777777,17085.0
2025-03-05,1341316.8,9314.7,16769.5
2025-03-06,1418596.1,9851.361805555556,17856.1
2025-03-07,1414900.5,9825.697916666666,16968.5
2025-03-08,1442470.5,10017.15625,17674.5
2025-03-09,1387735.4,9637.051388888889,16975.0
2025-03-10,1253070.8,8701.880555555555,15917.400000000001
2025-03-11,1228143.1,8528.771527777779,15987.5
2025-03-12,1349252.8,9369.811111111112,17029.4
2025-03-13,1312944.4,9117.669444444444,16396.6
2025-03-14,1248508.5,8670.197916666666,16063.3
2025-03-15,1229583.7,8538.775694444445,16375.9
2025-03-16,1211351.1,8412.160416666668,16132.400000000001
2025-03-17,1265551.8,8788.554166666667,16293.8
2025-03-18,1211364.9,8412.256249999999,15426.4
2025-03-19,1139270.6,7911.601388888889,14916.0
2025-03-20,1176638.3,8171.0993055555555,16075.699999999999
2025-03-21,1245699.9,8650.693749999999,15749.4
2025-03-22,1326963.2,9215.022222222222,16771.2
2025-03-23,1401442.4,9732.238888888889,17435.2
2025-03-24,1348675.5,9365.802083333334,16832.800000000003
2025-03-25,1328110.4,9222.988888888889,16440.6
2025-03-26,1328513.7,9225.789583333333,16700.2
2025-03-27,1279056.0,8882.333333333334,15831.0
2025-03-28,1319998.0,9166.652777777777,16521.0
2025-03-29,1408400.4,9780.558333333332,17437.2
2025-03-30,1399023.8,9715.443055555555,17046.6
2025-03-31,1282443.4,8905.856944444444,16343.0
2025-04-01,1287125.3,8938.37013888889,16114.7
2025-04-02,1403660.1,9747.639583333334,17496.3
2025-04-03,1205237.5,8369.704861111111,15175.2
2025-04-04,1194569.9,8295.624305555555,15416.9
2025-04-05,1280722.6,8893.906944444445,16716.300000000003
2025-04-06,1282236.1,8904.417361111111,16622.0
2025-04-07,1271781.6,8831.816666666668,16445.6
2025-04-08,1379934.0,9582.875,17078.1
2025-04-09,1336569.6,9281.733333333334,16599.7
2025-04-10,1320495.4,9170.106944444444,16507.199999999997
2025-04-11,1318865.7,9158.789583333333,16635.4
2025-04-12,1271310.5,8828.545138888889,16009.199999999999
2025-04-13,1209356.8,8398.311111111112,15396.099999999999
2025-04-14,1140767.6,7921.997222222223,15104.1
2025-04-15,1172809.8,8144.512500000001,15789.2
2025-04-16,1261349.3,8759.37013888889,16229.2
2025-04-17,1192252.5,8279.53125,15225.5
2025-04-18,1148447.8,7975.331944444445,14920.099999999999
2025-04-19,1104920.4,7673.0583333333325,14685.5
2025-04-20,1154225.6,8015.455555555556,14591.400000000001
2025-04-21,1183665.0,8219.895833333334,15953.8
2025-04-22,1119125.4,7771.704166666666,14740.1
2025-04-23,1096470.0,7614.375,14619.400000000001
2025-04-24,1074473.4,7461.6208333333325,14345.099999999999
2025-04-25,1064823.2,7394.605555555555,14306.6
2025-04-26,1137086.6,7896.434722222223,15012.7
2025-04-27,1133251.1,7869.799305555556,14523.3
2025-04-28,1072085.7,7445.039583333333,14430.599999999999
2025-04-29,1082592.7,7518.004861111111,15310.099999999999
2025-04-30,1091190.1,7577.709027777779,14760.2
2025-05-01,1133680.0,7872.777777777777,14991.099999999999
2025-05-02,1077904.9,7485.450694444444,14362.4
2025-05-03,1118781.1,7769.313194444445,15139.8
2025-05-04,1118500.8,7767.366666666667,14561.1
2025-05-05,1075467.1,7468.521527777779,14587.5
2025-05-06,1050682.3,7296.404861111111,14194.6
2025-05-07,1061681.5,7372.788194444444,14795.6
2025-05-08,1061967.3,7374.772916666667,14566.7
2025-05-09,1071419.7,7440.414583333333,14416.1
2025-05-10,1081080.2,7507.501388888889,14171.199999999999
2025-05-11,1074934.0,7464.819444444444,14022.8
2025-05-12,1074117.0,7459.145833333333,14583.4
2025-05-13,1077291.9,7481.193749999999,15225.7
2025-05-14,1080745.3,7505.175694444445,14951.2
2025-05-15,1129836.2,7846.084722222222,16219.5
2025-05-16,1223258.0,8494.847222222223,17386.7
2025-05-17,1124264.2,7807.390277777778,15543.699999999999
2025-05-18,1029891.5,7152.024305555556,13456.400000000001
2025-05-19,1040628.2,7226.584722222222,13569.000000000002
2025-05-20,1047293.8,7272.873611111111,14199.900000000001
2025-05-21,1106095.0,7681.215277777777,15111.3
2025-05-22,1137761.1,7901.118750000001,15097.900000000001
2025-05-23,1110826.1,7714.070138888889,14752.7
2025-05-24,1108819.1,7700.132638888889,14644.2
2025-05-25,1109850.6,7707.295833333334,14287.099999999999
2025-05-26,1055718.8,7331.3805555555555,14566.6
2025-05-27,1063712.5,7386.892361111111,14662.9
2025-05-28,1051730.4,7303.6833333333325,14339.2
2025-05-29,1053365.8,7315.040277777778,14388.8
2025-05-30,1091349.7,7578.817361111111,15053.7
2025-05-31,1077281.9,7481.124305555555,14534.2
2025-06-01,1081800.1,7512.500694444445,13983.5
2025-06-02,1068421.9,7419.596527777777,14643.9
2025-06-03,1136875.5,7894.96875,16517.3
2025-06-04,1349987.9,9374.915972222221,21036.7
2025-06-05,1246845.4,8658.64861111111,16535.0
2025-06-06,1270587.5,8823.524305555555,17730.300000000003
2025-06-07,1322498.9,9184.020138888889,18656.5
2025-06-08,1224853.3,8505.925694444444,16875.3
2025-06-09,1198105.4,8320.176388888889,16671.0
2025-06-10,1144111.1,7945.215972222223,15397.8
2025-06-11,1286999.3,8937.49513888889,19533.9
2025-06-12,1260334.9,8752.325694444444,18091.8
2025-06-13,1133499.2,7871.522222222222,15825.0
2025-06-14,1187071.4,8243.551388888889,16422.4
2025-06-15,1250530.4,8684.238888888889,17495.7
2025-06-16,1348876.7,9367.199305555556,20695.9
2025-06-17,1451675.8,10081.081944444444,22253.8
2025-06-18,1601402.5,11120.850694444445,23040.699999999997
2025-06-19,1336912.1,9284.111805555556,19015.2
2025-06-20,1366262.9,9487.936805555555,20375.9
2025-06-21,1536207.4,10668.106944444444,21089.6
2025-06-22,2200528.7,15281.449305555558,31248.5
2025-06-23,2433261.4,16897.64861111111,33203.0
2025-06-24,2527677.6,17553.316666666666,33712.2
2025-06-25,2233860.5,15512.920138888889,30101.1
2025-06-26,1454994.1,10104.125694444445,18264.7
2025-06-27,1377755.4,9567.745833333332,21181.8
2025-06-28,1593630.7,11066.87986111111,22092.2
2025-06-29,1535866.3,10665.738194444444,22829.1
2025-06-30,1560832.6,10839.115277777779,22773.199999999997
2025-07-01,1728798.7,12005.546527777777,24300.3
2025-07-02,1800174.7,12501.213194444445,26310.1
2025-07-03,1650968.8,11465.061111111112,22429.1
2025-07-04,1497535.3,10399.550694444444,22346.7
2025-07-05,1823144.6,12660.72638888889,27526.1
2025-07-06,2208396.3,15336.085416666665,30855.1
2025-07-07,2131794.2,14804.12638888889,29024.0
2025-07-08,1686187.7,11709.636805555556,23041.5
2025-07-09,1640646.8,11393.380555555555,23946.2
2025-07-10,1713109.5,11896.59375,24294.100000000002
2025-07-11,1912571.7,13281.747916666667,27849.3
2025-07-12,2202427.2,15294.633333333335,30235.6
2025-07-13,2162414.6,15016.768055555556,28699.0
2025-07-14,2008789.3,13949.925694444444,28439.5
2025-07-15,2067620.8,14358.477777777778,30080.9
2025-07-16,2151297.0,14939.5625,30583.0
2025-07-17,1919539.2,13330.133333333333,26698.9
2025-07-18,1390047.6,9653.108333333334,20025.199999999997
2025-07-19,1480673.9,10282.457638888889,21423.8
2025-07-20,1670484.7,11600.588194444445,23573.9
2025-07-21,1440182.9,10001.270138888889,20808.7
2025-07-22,1387175.6,9633.16388888889,20675.0
2025-07-23,1581675.5,10983.857638888889,25012.9
2025-07-24,1996362.7,13863.62986111111,31498.5
2025-07-25,1998160.7,13876.115972222222,27853.600000000002
2025-07-26,1861185.3,12924.897916666667,27257.899999999998
2025-07-27,2133064.1,14812.94513888889,29745.3
2025-07-28,2210610.2,15351.459722222224,31479.300000000003
2025-07-29,2224468.4,15447.697222222221,31112.8
2025-07-30,1956389.2,13586.03611111111,27884.7
2025-07-31,1452771.5,10088.690972222223,19908.6
2025-08-01,1367561.3,9496.953472222223,20063.6
2025-08-02,1411831.3,9804.384027777778,21260.6
2025-08-03,1529227.0,10619.631944444445,22502.0
2025-08-04,1645947.1,11430.188194444445,24404.0
2025-08-05,1755283.4,12189.468055555555,26438.9
2025-08-06,1717049.2,11923.952777777777,25211.2
2025-08-07,1775267.1,12328.243750000001,26237.8
2025-08-08,1816434.2,12614.126388888888,26901.2
2025-08-09,2029258.8,14092.075,29230.4
2025-08-10,2172054.7,15083.713194444446,30035.100000000002
2025-08-11,2228758.4,15477.488888888889,32007.9
2025-08-12,2183202.5,15161.128472222223,31481.4
2025-08-13,1952961.4,13562.231944444444,27794.1
2025-08-14,1789044.9,12423.922916666666,25386.1
2025-08-15,1838855.2,12769.827777777777,26977.3
2025-08-16,1950379.8,13544.304166666667,28166.899999999998
2025-08-17,1724360.8,11974.727777777778,22953.7
2025-08-18,1296776.8,9005.394444444444,18836.1
2025-08-19,1225349.4,8509.370833333332,16705.6
2025-08-20,1213282.6,8425.573611111111,16545.5
2025-08-21,1306932.7,9075.921527777777,19815.600000000002
2025-08-22,1459176.0,10133.166666666666,22006.2
2025-08-23,1483204.2,10300.029166666667,19937.7
2025-08-24,1456197.0,10112.479166666666,19875.5
2025-08-25,1205282.0,8370.013888888889,17044.3
2025-08-26,1096297.9,7613.179861111111,15423.3
2025-08-27,1112724.2,7727.251388888889,15925.5
2025-08-28,1075412.8,7468.144444444445,14855.9
2025-08-29,1029340.1,7148.195138888888,14082.400000000001
2025-08-30,1052024.3,7305.7243055555555,14138.9
2025-08-31,1097384.5,7620.725694444444,15124.5
2025-09-01,1197447.2,8315.605555555556,17232.4
2025-09-02,1257245.6,8730.872222222222,19207.8
2025-09-03,1307990.5,9083.267361111111,19318.5
2025-09-04,1163412.7,8079.254861111111,15888.7
2025-09-05,1088869.8,7561.595833333334,14781.0
2025-09-06,1074524.3,7461.9743055555555,14540.0
2025-09-07,1079487.3,7496.439583333334,14618.3
2025-09-08,1052784.4,7311.002777777777,14681.0
2025-09-09,1069440.4,7426.669444444444,15214.599999999999
2025-09-10,1128689.4,7838.1208333333325,16477.5
2025-09-11,1201376.9,8342.895138888889,18164.2
2025-09-12,1208232.7,8390.50486111111,17311.6
2025-09-13,1210144.4,8403.780555555555,16573.0
2025-09-14,1322546.1,9184.347916666668,18941.6
2025-09-15,1271222.0,8827.930555555555,19178.3
2025-09-16,1246053.5,8653.149305555555,19068.6
2025-09-17,1247318.1,8661.931250000001,19181.899999999998
2025-09-18,1305884.6,9068.643055555556,20434.0
2025-09-19,1203944.7,8360.727083333333,17726.5
2025-09-20,1096129.3,7612.009027777778,14871.6
2025-09-21,1188420.9,8252.922916666666,16584.1
2025-09-22,1231265.7,8550.45625,17053.1
2025-09-23,1309978.2,9097.070833333333,19186.8
2025-09-24,1225157.4,8508.037499999999,16407.0
2025-09-25,1191373.9,8273.42986111111,15903.9
2025-09-26,1230428.0,8544.638888888889,17587.9
2025-09-27,1277064.5,8868.503472222223,18140.600000000002
2025-09-28,1275889.4,8860.343055555555,17966.3
2025-09-29,1185710.7,8234.102083333333,17729.9
2025-09-30,1158790.7,8047.157638888889,17414.3
2025-10-01,1063185.8,7383.234722222222,15004.3
2025-10-02,1047065.5,7271.288194444444,14614.3
2025-10-03,1097608.1,7622.278472222223,15776.6
2025-10-04,1233019.2,8562.633333333333,18212.0
2025-10-05,1330105.3,9236.842361111112,19410.4
2025-10-06,1317260.7,9147.64375,19711.8
2025-10-07,1172424.3,8141.835416666667,15966.900000000001
2025-10-08,1038118.4,7209.155555555556,14414.2
2025-10-09,1048682.2,7282.515277777778,14462.8
2025-10-10,1064435.2,7391.911111111111,14386.900000000001
2025-10-11,1066178.3,7404.015972222222,14268.4
2025-10-12,1058195.8,7348.581944444445,14368.0
2025-10-13,1063908.7,7388.254861111111,14142.4
2025-10-14,1050236.1,7293.306250000001,14615.5
2025-10-15,1046907.4,7270.190277777778,14546.199999999999
2025-10-16,1072277.8,7446.373611111111,14438.8
2025-10-17,1099331.7,7634.247916666666,14492.5
2025-10-18,1087756.7,7553.865972222222,14358.4
2025-10-19,1115266.9,7744.909027777777,15002.0
2025-10-20,1068334.3,7418.988194444445,14490.3
2025-10-21,1075991.0,7472.159722222223,14564.6
2025-10-22,1096244.9,7612.811805555555,14958.5
2025-10-23,1119700.3,7775.696527777778,15235.5
2025-10-24,1133402.9,7870.853472222221,15007.4
2025-10-25,1168257.6,8112.900000000001,15119.0
2025-10-26,1200649.8,8337.845833333333,15827.5
2025-10-27,1186020.9,8236.256249999999,15595.9
2025-10-28,1177622.1,8177.931250000001,15758.5
2025-10-29,1152109.1,8000.757638888889,15255.3
2025-10-30,1175766.4,8165.044444444444,15652.1
2025-10-31,1213516.9,8427.200694444444,15524.199999999999
2025-11-01,1224980.1,8506.806250000001,15624.0
2025-11-02,1236621.4,8587.64861111111,16124.5
2025-11-03,1196988.9,8312.422916666666,15987.2
2025-11-04,1160640.8,8060.0055555555555,15558.3
2025-11-05,1179153.5,8188.565972222223,16253.400000000001
2025-11-06,1206766.9,8380.325694444444,16467.0
2025-11-07,1215814.6,8443.156944444445,16102.6
2025-11-08,1236363.1,8585.854861111111,16498.5
2025-11-09,1385055.4,9618.440277777778,18215.4
2025-11-10,1402773.1,9741.479861111111,17968.699999999997
2025-11-11,1372648.5,9532.28125,17454.5
2025-11-12,1319333.7,9162.039583333333,17077.199999999997
2025-11-13,1278284.6,8876.97638888889,16794.6
2025-11-14,1279883.8,8888.081944444444,16439.4
2025-11-15,1316926.7,9145.324305555556,17026.4
2025-11-16,1343274.0,9328.291666666666,17892.8
2025-11-17,1341712.8,9317.45,17511.5
2025-11-18,1298554.0,9017.736111111111,16906.5
2025-11-19,1296450.7,9003.12986111111,16860.4
2025-11-20,1279238.9,8883.603472222221,16885.2
2025-11-21,1235827.9,8582.138194444444,16187.3
2025-11-22,1293096.2,8979.834722222222,16917.2
2025-11-23,1304262.4,9057.377777777778,17300.8
2025-11-24,1264661.9,8782.374305555555,16984.1
2025-11-25,1236110.8,8584.102777777778,16718.4
2025-11-26,1241943.1,8624.604861111111,17145.1
2025-11-27,1350782.0,9380.430555555555,17726.3
2025-11-28,1373125.0,9535.590277777777,17339.1
2025-11-29,1430513.6,9934.122222222222,18008.600000000002
2025-11-30,1450455.1,10072.604861111111,18343.0
2025-12-01,1494663.7,10379.609027777777,18446.0
2025-12-02,1472946.2,10228.793055555556,18349.9
2025-12-03,1517166.3,10535.877083333333,18469.5
2025-12-04,1562452.7,10850.365972222222,19219.199999999997
2025-12-05,1581732.8,10984.255555555555,18485.5
2025-12-06,1552704.6,10782.670833333334,18534.4
2025-12-07,1561072.9,10840.784027777778,19036.6
2025-12-08,1607096.7,11160.39375,19510.1
2025-12-09,1606180.9,11154.034027777778,19309.600000000002
2025-12-10,1534373.0,10655.368055555555,18780.6
2025-12-11,1603732.2,11137.029166666667,19410.0
2025-12-12,1604585.6,11142.955555555556,18606.0
2025-12-13,1610038.0,11180.819444444445,19310.8
2025-12-14,1690043.4,11736.412499999999,20174.8
2025-12-15,1681255.3,11675.384027777778,19616.8
2025-12-16,1617998.4,11236.099999999999,19116.8
2025-12-17,1502100.5,10431.253472222223,18164.3
2025-12-18,1431883.1,9943.63263888889,17629.0
2025-12-19,1485375.2,10315.105555555556,18577.4
2025-12-20,1565196.1,10869.417361111111,18510.300000000003
2025-12-21,1574338.0,10932.902777777777,18977.2
2025-12-22,1530028.7,10625.199305555556,18354.7
2025-12-23,1465300.7,10175.699305555556,18010.3
2025-12-24,1432726.2,9949.4875,17614.0
2025-12-25,1410598.4,9795.822222222221,16637.7
2025-12-26,1528283.9,10613.082638888889,17801.1
2025-12-27,1562670.6,10851.879166666668,18466.6
2025-12-28,1524893.2,10589.53611111111,18380.9
2025-12-29,1510860.7,10492.088194444445,18844.4
2025-12-30,1607698.0,11164.569444444445,19221.8
2025-12-31,1602888.5,11131.170138888889,18701.7
