fsa,season,hour,assigned_station_name,peak_hours,mean_peak_consumption_kwh,mean_temperature_c,mean_relative_humidity_pct
L4T,Fall,0,TORONTO INTL A,1,16391.7,24.2,79.0
L4T,Fall,8,TORONTO INTL A,1,16781.4,25.2,78.0
L4T,Fall,9,TORONTO INTL A,3,18082.633333333335,27.03333333333333,65.33333333333333
L4T,Fall,10,TORONTO INTL A,5,18972.32,27.439999999999998,65.4
L4T,Fall,11,TORONTO INTL A,10,18896.370000000003,26.73,63.3
L4T,Fall,12,TORONTO INTL A,18,18396.544444444444,26.522222222222222,60.05555555555556
L4T,Fall,13,TORONTO INTL A,23,18398.808695652177,26.63913043478261,57.65217391304348
L4T,Fall,14,TORONTO INTL A,28,18396.85714285714,26.25714285714286,57.785714285714285
L4T,Fall,15,TORONTO INTL A,34,18362.238235294117,26.294117647058822,55.23529411764706
L4T,Fall,16,TORONTO INTL A,35,18331.231428571427,25.92,54.25714285714286
L4T,Fall,17,TORONTO INTL A,30,18393.136666666665,25.07,58.4
L4T,Fall,18,TORONTO INTL A,29,18244.572413793103,24.082758620689653,63.241379310344826
L4T,Fall,19,TORONTO INTL A,27,18353.41851851852,22.9,69.51851851851852
L4T,Fall,20,TORONTO INTL A,17,18439.988235294117,23.01764705882353,71.11764705882354
L4T,Fall,21,TORONTO INTL A,6,19576.866666666665,24.683333333333334,75.33333333333333
L4T,Fall,22,TORONTO INTL A,4,18582.725,24.825000000000003,76.0
L4T,Fall,23,TORONTO INTL A,2,17672.050000000003,24.35,75.5
L4T,Spring,8,TORONTO INTL A,1,14583.0,26.5,60.0
L4T,Spring,9,TORONTO INTL A,2,15790.0,26.5,54.5
L4T,Spring,10,TORONTO INTL A,8,15729.574999999999,26.7,54.625
L4T,Spring,11,TORONTO INTL A,11,16009.145454545454,26.818181818181817,54.81818181818182
L4T,Spring,12,TORONTO INTL A,14,16165.0,17.928571428571427,53.785714285714285
L4T,Spring,13,TORONTO INTL A,17,16197.970588235294,19.694117647058825,50.88235294117647
L4T,Spring,14,TORONTO INTL A,20,16264.670000000002,22.275,49.4
L4T,Spring,15,TORONTO INTL A,22,16484.822727272727,22.704545454545453,45.63636363636363
L4T,Spring,16,TORONTO INTL A,23,16614.121739130434,22.64782608695652,45.47826086956522
L4T,Spring,17,TORONTO INTL A,25,16540.484,20.224,48.8
L4T,Spring,18,TORONTO INTL A,35,16087.677142857141,13.737142857142857,52.74285714285714
L4T,Spring,19,TORONTO INTL A,45,15823.733333333334,9.055555555555555,55.37777777777778
L4T,Spring,20,TORONTO INTL A,32,16049.43125,11.85625,55.0625
L4T,Spring,21,TORONTO INTL A,14,16408.514285714286,18.928571428571427,58.714285714285715
L4T,Spring,22,TORONTO INTL A,6,15876.183333333332,24.666666666666668,56.666666666666664
L4T,Spring,23,TORONTO INTL A,1,15753.7,25.4,59.0
L4T,Summer,10,TORONTO INTL A,2,24211.15,32.4,55.5
L4T,Summer,11,TORONTO INTL A,9,24814.833333333332,31.355555555555554,57.0
L4T,Summer,12,TORONTO INTL A,20,24874.28,31.360000000000003,53.1
L4T,Summer,13,TORONTO INTL A,26,25076.32307692308,31.49230769230769,51.65384615384615
L4T,Summer,14,TORONTO INTL A,34,25048.188235294117,31.482352941176472,49.705882352941174
L4T,Summer,15,TORONTO INTL A,39,25196.77435897436,31.46923076923077,48.205128205128204
L4T,Summer,16,TORONTO INTL A,40,25209.177499999998,31.4925,48.175
L4T,Summer,17,TORONTO INTL A,35,25276.745714285713,31.311428571428575,47.91428571428571
L4T,Summer,18,TORONTO INTL A,25,25431.804,31.04,49.16
L4T,Summer,19,TORONTO INTL A,23,25103.373913043477,29.82608695652174,54.130434782608695
L4T,Summer,20,TORONTO INTL A,14,25189.092857142856,29.142857142857142,54.285714285714285
L4T,Summer,21,TORONTO INTL A,8,24728.975000000002,28.8125,61.875
L4T,Summer,22,TORONTO INTL A,1,24347.1,29.1,72.0
L4T,Winter,11,TORONTO INTL A,3,15664.666666666666,-15.366666666666667,56.0
L4T,Winter,12,TORONTO INTL A,8,15910.4125,-10.7125,64.0
L4T,Winter,13,TORONTO INTL A,12,15924.358333333332,-8.366666666666667,60.333333333333336
L4T,Winter,14,TORONTO INTL A,10,15847.5,-8.26,58.7
L4T,Winter,15,TORONTO INTL A,10,15770.73,-7.7,61.6
L4T,Winter,16,TORONTO INTL A,11,15861.654545454543,-7.6909090909090905,62.18181818181818
L4T,Winter,17,TORONTO INTL A,41,16047.358536585365,-6.490243902439025,63.292682926829265
L4T,Winter,18,TORONTO INTL A,63,16192.29365079365,-6.40952380952381,67.34920634920636
L4T,Winter,19,TORONTO INTL A,64,16163.6828125,-7.1703125,67.96875
L4T,Winter,20,TORONTO INTL A,41,16034.058536585366,-8.614634146341464,67.65853658536585
L4T,Winter,21,TORONTO INTL A,8,15764.699999999999,-11.399999999999999,63.75
M5R,Fall,8,TORONTO CITY,2,10260.849999999999,24.85,75.5
M5R,Fall,9,TORONTO CITY,2,11113.7,26.6,68.5
M5R,Fall,10,TORONTO CITY,3,11272.0,27.266666666666666,64.0
M5R,Fall,11,TORONTO CITY,4,11684.925,26.9,67.75
M5R,Fall,12,TORONTO CITY,6,11385.216666666667,23.700000000000003,67.0
M5R,Fall,13,TORONTO CITY,8,11154.2375,28.225,57.0
M5R,Fall,14,TORONTO CITY,7,11553.128571428571,28.37142857142857,57.142857142857146
M5R,Fall,15,TORONTO CITY,10,11245.78,19.96,60.9
M5R,Fall,16,TORONTO CITY,15,11140.013333333334,14.706666666666667,63.733333333333334
M5R,Fall,17,TORONTO CITY,46,10614.33695652174,6.852173913043478,64.65217391304348
M5R,Fall,18,TORONTO CITY,64,10648.10625,5.778125,65.765625
M5R,Fall,19,TORONTO CITY,55,10576.42,5.778181818181818,66.98181818181818
M5R,Fall,20,TORONTO CITY,32,10561.696875,5.496875,68.96875
M5R,Fall,21,TORONTO CITY,14,10603.085714285715,5.978571428571429,73.92857142857143
M5R,Fall,22,TORONTO CITY,4,10783.9,17.525,75.0
M5R,Fall,23,TORONTO CITY,1,10425.4,24.2,79.0
M5R,Spring,8,TORONTO CITY,1,10168.4,-13.9,50.0
M5R,Spring,9,TORONTO CITY,2,10462.05,-11.45,52.5
M5R,Spring,10,TORONTO CITY,3,10471.233333333332,2.9,54.333333333333336
M5R,Spring,11,TORONTO CITY,4,10385.325,2.4250000000000003,55.25
M5R,Spring,12,TORONTO CITY,6,10364.683333333332,0.1166666666666667,55.0
M5R,Spring,13,TORONTO CITY,4,10530.35,3.575,57.75
M5R,Spring,14,TORONTO CITY,3,10788.833333333334,7.566666666666667,59.333333333333336
M5R,Spring,15,TORONTO CITY,5,10701.820000000002,8.879999999999999,54.4
M5R,Spring,16,TORONTO CITY,13,10622.215384615383,9.092307692307692,56.69230769230769
M5R,Spring,17,TORONTO CITY,37,10587.591891891892,5.34054054054054,57.21621621621622
M5R,Spring,18,TORONTO CITY,65,10736.923076923076,3.4707692307692306,58.261538461538464
M5R,Spring,19,TORONTO CITY,65,10738.001538461538,2.363076923076923,58.83076923076923
M5R,Spring,20,TORONTO CITY,48,10577.016666666666,1.9083333333333332,59.125
M5R,Spring,21,TORONTO CITY,15,10653.24,1.1,53.53333333333333
M5R,Spring,22,TORONTO CITY,4,10470.5,0.3999999999999999,56.25
M5R,Spring,23,TORONTO CITY,1,10033.1,-10.1,56.0
M5R,Summer,8,TORONTO CITY,1,13334.800000000001,29.9,59.0
M5R,Summer,9,TORONTO CITY,1,14236.0,30.4,59.0
M5R,Summer,10,TORONTO CITY,1,14847.5,32.0,54.0
M5R,Summer,11,TORONTO CITY,4,14006.849999999999,30.375,59.0
M5R,Summer,12,TORONTO CITY,13,13609.176923076922,30.476923076923075,55.23076923076923
M5R,Summer,13,TORONTO CITY,15,13864.933333333332,31.246666666666666,52.666666666666664
M5R,Summer,14,TORONTO CITY,19,13959.43157894737,31.26842105263158,52.1578947368421
M5R,Summer,15,TORONTO CITY,28,13928.867857142857,31.521428571428572,50.07142857142857
M5R,Summer,16,TORONTO CITY,37,14007.416216216217,30.700000000000003,52.37837837837838
M5R,Summer,17,TORONTO CITY,48,14026.370833333334,29.672916666666666,54.729166666666664
M5R,Summer,18,TORONTO CITY,39,14112.56923076923,29.15897435897436,57.256410256410255
M5R,Summer,19,TORONTO CITY,30,14048.106666666667,28.866666666666667,58.2
M5R,Summer,20,TORONTO CITY,24,13979.258333333333,27.866666666666664,60.5
M5R,Summer,21,TORONTO CITY,13,13835.353846153846,27.415384615384614,63.0
M5R,Summer,22,TORONTO CITY,3,13786.566666666666,28.0,65.0
M5R,Winter,9,TORONTO CITY,1,12857.8,-4.8,79.0
M5R,Winter,10,TORONTO CITY,1,13139.0,-4.0,75.0
M5R,Winter,11,TORONTO CITY,5,12717.88,-8.16,67.4
M5R,Winter,12,TORONTO CITY,5,12809.4,-7.220000000000001,67.4
M5R,Winter,13,TORONTO CITY,5,12697.16,-5.84,65.8
M5R,Winter,14,TORONTO CITY,4,12696.575,-4.05,67.25
M5R,Winter,15,TORONTO CITY,3,12877.1,-4.633333333333334,72.66666666666667
M5R,Winter,16,TORONTO CITY,11,12862.363636363636,-3.8,61.36363636363637
M5R,Winter,17,TORONTO CITY,38,13026.165789473684,-5.886842105263158,60.5
M5R,Winter,18,TORONTO CITY,79,13183.944303797469,-6.359493670886076,61.77215189873418
M5R,Winter,19,TORONTO CITY,69,13072.485507246376,-6.781159420289855,62.028985507246375
M5R,Winter,20,TORONTO CITY,38,12944.776315789473,-7.918421052631579,61.71052631578947
M5R,Winter,21,TORONTO CITY,10,13121.0,-9.49,60.4
M5R,Winter,22,TORONTO CITY,2,12685.8,-7.3,60.5
M5S,Fall,9,TORONTO CITY,2,5459.049999999999,26.6,68.5
M5S,Fall,10,TORONTO CITY,3,5593.033333333333,27.266666666666666,64.0
M5S,Fall,11,TORONTO CITY,3,5852.633333333334,27.7,64.33333333333333
M5S,Fall,12,TORONTO CITY,7,5631.7,23.228571428571428,61.42857142857143
M5S,Fall,13,TORONTO CITY,6,5745.150000000001,24.099999999999998,65.33333333333333
M5S,Fall,14,TORONTO CITY,6,5856.166666666667,24.46666666666667,61.5
M5S,Fall,15,TORONTO CITY,9,5831.722222222223,22.022222222222222,59.77777777777778
M5S,Fall,16,TORONTO CITY,15,5835.806666666667,14.553333333333335,63.6
M5S,Fall,17,TORONTO CITY,33,5712.451515151515,7.3999999999999995,65.33333333333333
M5S,Fall,18,TORONTO CITY,61,5660.7163934426235,7.00655737704918,66.57377049180327
M5S,Fall,19,TORONTO CITY,52,5691.471153846154,5.763461538461538,67.3076923076923
M5S,Fall,20,TORONTO CITY,41,5648.119512195121,5.121951219512195,67.63414634146342
M5S,Fall,21,TORONTO CITY,26,5587.369230769231,3.5846153846153848,70.03846153846153
M5S,Fall,22,TORONTO CITY,8,5602.0,7.7749999999999995,69.625
M5S,Fall,23,TORONTO CITY,1,5374.4,24.2,79.0
M5S,Spring,10,TORONTO CITY,2,5501.549999999999,-10.15,56.0
M5S,Spring,11,TORONTO CITY,3,5624.066666666667,-6.866666666666667,53.333333333333336
M5S,Spring,12,TORONTO CITY,5,5565.84,-5.62,55.4
M5S,Spring,13,TORONTO CITY,4,5619.625,-4.85,59.75
M5S,Spring,14,TORONTO CITY,4,5599.65,4.0,56.5
M5S,Spring,15,TORONTO CITY,4,5671.05,3.7249999999999996,60.25
M5S,Spring,16,TORONTO CITY,8,5624.225,0.8375000000000001,61.125
M5S,Spring,17,TORONTO CITY,30,5588.903333333334,3.6233333333333335,61.63333333333333
M5S,Spring,18,TORONTO CITY,56,5727.0142857142855,1.4910714285714286,60.75
M5S,Spring,19,TORONTO CITY,66,5745.854545454546,1.6181818181818184,60.07575757575758
M5S,Spring,20,TORONTO CITY,55,5686.243636363637,0.9763636363636363,60.6
M5S,Spring,21,TORONTO CITY,30,5645.583333333333,-1.3833333333333333,61.0
M5S,Spring,22,TORONTO CITY,7,5651.457142857143,-5.271428571428571,56.42857142857143
M5S,Spring,23,TORONTO CITY,2,5544.4,-7.699999999999999,57.0
M5S,Summer,10,TORONTO CITY,1,6502.4,32.0,54.0
M5S,Summer,11,TORONTO CITY,3,6457.600000000001,31.433333333333334,59.0
M5S,Summer,12,TORONTO CITY,8,6513.7125,31.087500000000002,58.875
M5S,Summer,13,TORONTO CITY,11,6543.027272727273,31.59090909090909,53.90909090909091
M5S,Summer,14,TORONTO CITY,12,6626.25,31.925,51.75
M5S,Summer,15,TORONTO CITY,22,6625.881818181818,31.845454545454547,50.09090909090909
M5S,Summer,16,TORONTO CITY,35,6699.748571428572,30.82857142857143,51.628571428571426
M5S,Summer,17,TORONTO CITY,52,6715.913461538462,29.57884615384615,55.30769230769231
M5S,Summer,18,TORONTO CITY,44,6748.779545454545,29.045454545454547,57.72727272727273
M5S,Summer,19,TORONTO CITY,36,6714.547222222222,28.291666666666668,60.44444444444444
M5S,Summer,20,TORONTO CITY,31,6657.43870967742,27.51290322580645,63.54838709677419
M5S,Summer,21,TORONTO CITY,16,6621.08125,27.23125,63.25
M5S,Summer,22,TORONTO CITY,4,6654.75,27.775000000000002,67.25
M5S,Summer,23,TORONTO CITY,1,6483.200000000001,27.4,63.0
M5S,Winter,11,TORONTO CITY,2,6640.85,-12.85,72.0
M5S,Winter,12,TORONTO CITY,5,6697.9,-9.760000000000002,60.8
M5S,Winter,13,TORONTO CITY,5,6650.42,-9.14,59.4
M5S,Winter,14,TORONTO CITY,1,6674.2,-4.7,70.0
M5S,Winter,15,TORONTO CITY,2,6680.75,-5.75,64.0
M5S,Winter,16,TORONTO CITY,7,6762.728571428571,-4.4714285714285715,67.28571428571429
M5S,Winter,17,TORONTO CITY,31,6839.700000000001,-5.532258064516129,58.483870967741936
M5S,Winter,18,TORONTO CITY,65,6938.555384615384,-6.221538461538462,61.03076923076923
M5S,Winter,19,TORONTO CITY,72,6895.426388888889,-6.788888888888889,61.30555555555556
M5S,Winter,20,TORONTO CITY,45,6860.8,-7.637777777777777,62.0
M5S,Winter,21,TORONTO CITY,26,6814.784615384615,-8.257692307692308,61.0
M5S,Winter,22,TORONTO CITY,9,6794.7444444444445,-10.333333333333334,59.888888888888886
M5S,Winter,23,TORONTO CITY,1,6629.3,-14.3,62.0
M6G,Fall,0,TORONTO CITY,1,14975.4,24.1,79.0
M6G,Fall,8,TORONTO CITY,2,15777.5,24.85,75.5
M6G,Fall,9,TORONTO CITY,2,17315.3,26.6,68.5
M6G,Fall,10,TORONTO CITY,4,17291.300000000003,26.225,67.75
M6G,Fall,11,TORONTO CITY,5,17873.96,26.439999999999998,67.8
M6G,Fall,12,TORONTO CITY,8,17343.6875,24.175,64.625
M6G,Fall,13,TORONTO CITY,10,17280.36,25.630000000000003,57.5
M6G,Fall,14,TORONTO CITY,11,17376.754545454543,25.29090909090909,58.18181818181818
M6G,Fall,15,TORONTO CITY,17,16968.629411764705,25.49411764705882,56.05882352941177
M6G,Fall,16,TORONTO CITY,26,16747.98846153846,19.876923076923074,59.73076923076923
M6G,Fall,17,TORONTO CITY,48,16336.222916666666,13.1875,62.041666666666664
M6G,Fall,18,TORONTO CITY,53,16308.564150943397,11.024528301886791,64.39622641509433
M6G,Fall,19,TORONTO CITY,44,16258.386363636364,10.877272727272727,66.61363636363636
M6G,Fall,20,TORONTO CITY,25,16451.536,9.352,67.8
M6G,Fall,21,TORONTO CITY,11,16649.80909090909,12.318181818181818,72.72727272727273
M6G,Fall,22,TORONTO CITY,3,17943.066666666666,24.400000000000002,76.33333333333333
M6G,Fall,23,TORONTO CITY,3,15934.799999999997,23.599999999999998,79.33333333333333
M6G,Spring,9,TORONTO CITY,1,15487.1,-13.0,49.0
M6G,Spring,10,TORONTO CITY,1,16439.9,-11.0,51.0
M6G,Spring,11,TORONTO CITY,6,15598.216666666667,-2.633333333333333,70.16666666666667
M6G,Spring,12,TORONTO CITY,4,15963.4,-2.3,72.5
M6G,Spring,13,TORONTO CITY,5,15877.320000000002,9.42,61.2
M6G,Spring,14,TORONTO CITY,7,15730.057142857142,6.942857142857143,63.285714285714285
M6G,Spring,15,TORONTO CITY,10,15919.7,7.610000000000001,65.0
M6G,Spring,16,TORONTO CITY,18,16060.905555555555,5.111111111111111,62.94444444444444
M6G,Spring,17,TORONTO CITY,35,16044.668571428572,5.06,60.68571428571428
M6G,Spring,18,TORONTO CITY,64,16017.5140625,2.9375,58.015625
M6G,Spring,19,TORONTO CITY,65,16018.32153846154,1.5815384615384616,59.12307692307692
M6G,Spring,20,TORONTO CITY,41,15923.053658536584,1.9707317073170731,60.829268292682926
M6G,Spring,21,TORONTO CITY,15,15859.56,4.346666666666667,61.46666666666667
M6G,Spring,22,TORONTO CITY,3,15896.866666666667,3.233333333333334,58.0
M6G,Spring,23,TORONTO CITY,1,15133.900000000001,-10.1,56.0
M6G,Summer,9,TORONTO CITY,1,22143.0,30.4,59.0
M6G,Summer,10,TORONTO CITY,1,23378.0,32.0,54.0
M6G,Summer,11,TORONTO CITY,9,21850.522222222222,30.08888888888889,58.333333333333336
M6G,Summer,12,TORONTO CITY,15,22180.313333333335,30.259999999999998,55.06666666666667
M6G,Summer,13,TORONTO CITY,17,22633.447058823527,30.876470588235293,52.05882352941177
M6G,Summer,14,TORONTO CITY,23,22694.35652173913,31.099999999999998,51.04347826086956
M6G,Summer,15,TORONTO CITY,30,22764.54666666667,30.69,51.833333333333336
M6G,Summer,16,TORONTO CITY,36,22940.661111111112,30.16944444444444,52.611111111111114
M6G,Summer,17,TORONTO CITY,40,23028.08,29.607499999999998,54.225
M6G,Summer,18,TORONTO CITY,36,23007.244444444445,28.86111111111111,57.111111111111114
M6G,Summer,19,TORONTO CITY,28,22949.778571428567,28.45,59.714285714285715
M6G,Summer,20,TORONTO CITY,22,22909.763636363637,27.754545454545454,60.86363636363637
M6G,Summer,21,TORONTO CITY,15,22258.56,27.2,62.46666666666667
M6G,Summer,22,TORONTO CITY,3,22036.166666666668,28.0,65.0
M6G,Winter,10,TORONTO CITY,1,18146.2,-11.4,82.0
M6G,Winter,11,TORONTO CITY,2,18575.55,-11.25,66.5
M6G,Winter,12,TORONTO CITY,3,18610.933333333334,-10.033333333333333,69.0
M6G,Winter,13,TORONTO CITY,3,18512.833333333332,-9.066666666666666,61.0
M6G,Winter,14,TORONTO CITY,3,18461.833333333332,-8.733333333333334,58.666666666666664
M6G,Winter,15,TORONTO CITY,3,18450.0,-8.066666666666666,59.666666666666664
M6G,Winter,16,TORONTO CITY,7,18303.67142857143,-8.514285714285714,55.714285714285715
M6G,Winter,17,TORONTO CITY,40,18389.5775,-6.4575000000000005,59.825
M6G,Winter,18,TORONTO CITY,88,18491.114772727273,-6.2375,61.52272727272727
M6G,Winter,19,TORONTO CITY,68,18492.32794117647,-6.716176470588235,62.279411764705884
M6G,Winter,20,TORONTO CITY,38,18429.660526315787,-7.678947368421053,62.3421052631579
M6G,Winter,21,TORONTO CITY,12,18439.941666666666,-10.183333333333334,65.75
M6G,Winter,22,TORONTO CITY,3,17992.766666666666,-14.266666666666666,63.666666666666664
M9R,Fall,0,TORONTO INTL A,1,7989.599999999999,22.2,82.0
M9R,Fall,8,TORONTO INTL A,2,8138.75,25.6,75.0
M9R,Fall,9,TORONTO INTL A,3,9290.566666666668,27.03333333333333,65.33333333333333
M9R,Fall,10,TORONTO INTL A,6,9223.949999999999,26.95,64.83333333333333
M9R,Fall,11,TORONTO INTL A,9,9587.599999999999,27.299999999999997,61.0
M9R,Fall,12,TORONTO INTL A,11,9789.918181818182,27.072727272727274,61.54545454545455
M9R,Fall,13,TORONTO INTL A,15,9619.46,27.166666666666668,57.333333333333336
M9R,Fall,14,TORONTO INTL A,19,9489.28947368421,26.936842105263157,57.73684210526316
M9R,Fall,15,TORONTO INTL A,27,9383.555555555555,26.49259259259259,55.888888888888886
M9R,Fall,16,TORONTO INTL A,40,9184.095,25.1025,53.725
M9R,Fall,17,TORONTO INTL A,41,9021.270731707316,22.592682926829266,57.73170731707317
M9R,Fall,18,TORONTO INTL A,36,8947.297222222223,21.433333333333334,65.13888888888889
M9R,Fall,19,TORONTO INTL A,34,8903.679411764706,21.7,67.6470588235294
M9R,Fall,20,TORONTO INTL A,15,9419.380000000001,23.39333333333333,71.0
M9R,Fall,21,TORONTO INTL A,7,9817.1,23.74285714285714,76.71428571428571
M9R,Fall,22,TORONTO INTL A,4,9740.175,24.825000000000003,76.0
M9R,Fall,23,TORONTO INTL A,3,8864.4,23.833333333333332,80.33333333333333
M9R,Spring,0,TORONTO INTL A,1,11042.3,-11.1,60.0
M9R,Spring,9,TORONTO INTL A,1,7486.499999999999,25.4,54.0
M9R,Spring,10,TORONTO INTL A,4,7542.9,26.2,59.5
M9R,Spring,11,TORONTO INTL A,7,7678.285714285715,17.9,62.0
M9R,Spring,12,TORONTO INTL A,8,7882.75,22.7875,51.375
M9R,Spring,13,TORONTO INTL A,8,8071.575,23.0875,50.25
M9R,Spring,14,TORONTO INTL A,13,7970.153846153846,25.453846153846158,46.84615384615385
M9R,Spring,15,TORONTO INTL A,17,8296.711764705882,24.052941176470586,47.94117647058823
M9R,Spring,16,TORONTO INTL A,27,8279.303703703705,20.02592592592593,54.333333333333336
M9R,Spring,17,TORONTO INTL A,36,8114.938888888889,15.177777777777777,53.5
M9R,Spring,18,TORONTO INTL A,50,7836.318,10.517999999999999,58.4
M9R,Spring,19,TORONTO INTL A,52,7756.901923076924,7.786538461538461,59.92307692307692
M9R,Spring,20,TORONTO INTL A,29,8054.262068965518,13.951724137931036,57.55172413793103
M9R,Spring,21,TORONTO INTL A,15,8143.046666666666,18.353333333333335,58.6
M9R,Spring,22,TORONTO INTL A,6,7972.216666666667,24.666666666666668,56.666666666666664
M9R,Spring,23,TORONTO INTL A,2,7448.400000000001,24.65,51.5
M9R,Summer,10,TORONTO INTL A,2,13075.75,32.2,58.5
M9R,Summer,11,TORONTO INTL A,6,13403.866666666667,31.566666666666666,56.166666666666664
M9R,Summer,12,TORONTO INTL A,10,13590.289999999999,31.619999999999997,53.4
M9R,Summer,13,TORONTO INTL A,15,13727.706666666667,32.04,49.266666666666666
M9R,Summer,14,TORONTO INTL A,20,13836.830000000002,31.610000000000003,50.45
M9R,Summer,15,TORONTO INTL A,33,13825.427272727273,31.487878787878785,48.72727272727273
M9R,Summer,16,TORONTO INTL A,53,13799.105660377358,30.983018867924528,49.20754716981132
M9R,Summer,17,TORONTO INTL A,50,13845.416000000001,30.568,50.1
M9R,Summer,18,TORONTO INTL A,36,13861.966666666667,30.46944444444445,50.361111111111114
M9R,Summer,19,TORONTO INTL A,25,13905.312,29.82,53.52
M9R,Summer,20,TORONTO INTL A,18,13835.494444444445,28.555555555555557,57.22222222222222
M9R,Summer,21,TORONTO INTL A,6,13945.516666666668,29.183333333333334,60.666666666666664
M9R,Summer,22,TORONTO INTL A,2,13170.0,28.9,68.0
M9R,Winter,11,TORONTO INTL A,2,8105.75,-11.95,72.5
M9R,Winter,12,TORONTO INTL A,3,8180.8,-8.4,72.0
M9R,Winter,13,TORONTO INTL A,2,8287.3,-7.75,64.0
M9R,Winter,14,TORONTO INTL A,2,8303.15,-6.65,65.0
M9R,Winter,15,TORONTO INTL A,2,8392.6,-5.6000000000000005,69.0
M9R,Winter,16,TORONTO INTL A,12,8205.0,-6.125,68.5
M9R,Winter,17,TORONTO INTL A,79,8284.953164556962,-4.615189873417722,71.0379746835443
M9R,Winter,18,TORONTO INTL A,85,8284.54,-5.474117647058824,70.71764705882353
M9R,Winter,19,TORONTO INTL A,46,8257.082608695651,-7.336956521739131,67.65217391304348
M9R,Winter,20,TORONTO INTL A,27,8222.351851851852,-8.100000000000001,68.4074074074074
M9R,Winter,21,TORONTO INTL A,11,8153.6454545454535,-9.045454545454545,69.36363636363636
M9W,Fall,7,TORONTO INTL A,1,18767.7,23.7,83.0
M9W,Fall,8,TORONTO INTL A,3,20369.56666666667,24.7,80.33333333333333
M9W,Fall,9,TORONTO INTL A,4,21991.125,26.0,70.5
M9W,Fall,10,TORONTO INTL A,8,21136.025,26.2,64.125
M9W,Fall,11,TORONTO INTL A,15,20798.219999999998,26.033333333333335,60.53333333333333
M9W,Fall,12,TORONTO INTL A,24,20514.175,26.195833333333336,57.708333333333336
M9W,Fall,13,TORONTO INTL A,31,20469.377419354838,26.016129032258064,55.67741935483871
M9W,Fall,14,TORONTO INTL A,30,20903.813333333335,26.14333333333333,54.7
M9W,Fall,15,TORONTO INTL A,36,20732.180555555555,25.205555555555556,53.02777777777778
M9W,Fall,16,TORONTO INTL A,32,20796.153125,24.221875,53.09375
M9W,Fall,17,TORONTO INTL A,32,20026.596875,19.625,56.46875
M9W,Fall,18,TORONTO INTL A,21,20424.885714285712,20.047619047619047,61.523809523809526
M9W,Fall,19,TORONTO INTL A,18,20413.07777777778,20.811111111111114,64.38888888888889
M9W,Fall,20,TORONTO INTL A,8,21623.9375,23.9875,70.875
M9W,Fall,21,TORONTO INTL A,4,22396.775,25.8,72.0
M9W,Fall,22,TORONTO INTL A,4,20151.5,24.825000000000003,76.0
M9W,Fall,23,TORONTO INTL A,2,18895.15,24.35,75.5
M9W,Spring,8,TORONTO INTL A,1,17166.199999999997,24.0,68.0
M9W,Spring,9,TORONTO INTL A,6,17525.933333333334,9.950000000000001,58.166666666666664
M9W,Spring,10,TORONTO INTL A,9,18015.88888888889,9.655555555555557,61.0
M9W,Spring,11,TORONTO INTL A,30,17639.82,4.066666666666666,64.7
M9W,Spring,12,TORONTO INTL A,26,17898.69230769231,6.203846153846154,64.42307692307692
M9W,Spring,13,TORONTO INTL A,23,18032.734782608695,8.360869565217392,64.82608695652173
M9W,Spring,14,TORONTO INTL A,19,18356.63684210526,10.205263157894738,62.68421052631579
M9W,Spring,15,TORONTO INTL A,19,18536.410526315787,13.026315789473685,57.31578947368421
M9W,Spring,16,TORONTO INTL A,19,18668.494736842105,12.93157894736842,56.473684210526315
M9W,Spring,17,TORONTO INTL A,21,18447.666666666668,11.952380952380953,57.857142857142854
M9W,Spring,18,TORONTO INTL A,41,17780.28536585366,5.665853658536585,66.26829268292683
M9W,Spring,19,TORONTO INTL A,40,17752.6625,4.0475,66.425
M9W,Spring,20,TORONTO INTL A,15,18219.56,9.446666666666667,65.46666666666667
M9W,Spring,21,TORONTO INTL A,5,18527.22,11.440000000000001,62.2
M9W,Spring,22,TORONTO INTL A,2,17418.5,24.95,53.0
M9W,Summer,8,TORONTO INTL A,1,27452.899999999998,30.6,60.0
M9W,Summer,9,TORONTO INTL A,2,28830.949999999997,31.5,61.0
M9W,Summer,10,TORONTO INTL A,8,28167.9375,30.475,56.5
M9W,Summer,11,TORONTO INTL A,19,28296.310526315792,30.015789473684208,57.31578947368421
M9W,Summer,12,TORONTO INTL A,26,28704.488461538458,30.103846153846156,56.19230769230769
M9W,Summer,13,TORONTO INTL A,34,28857.71176470588,30.40294117647059,54.38235294117647
M9W,Summer,14,TORONTO INTL A,38,29158.428947368422,30.57894736842105,53.1578947368421
M9W,Summer,15,TORONTO INTL A,38,29178.181578947366,30.442105263157895,52.23684210526316
M9W,Summer,16,TORONTO INTL A,37,28998.51621621622,30.635135135135137,50.91891891891892
M9W,Summer,17,TORONTO INTL A,27,29008.774074074074,30.91111111111111,49.77777777777778
M9W,Summer,18,TORONTO INTL A,19,28937.04210526316,31.073684210526313,49.05263157894737
M9W,Summer,19,TORONTO INTL A,15,28243.393333333333,30.16,53.333333333333336
M9W,Summer,20,TORONTO INTL A,8,28513.5875,30.05,53.625
M9W,Summer,21,TORONTO INTL A,4,27842.4,29.15,60.5
M9W,Winter,10,TORONTO INTL A,4,18959.275,-13.625,58.75
M9W,Winter,11,TORONTO INTL A,11,19165.31818181818,-10.799999999999999,66.36363636363636
M9W,Winter,12,TORONTO INTL A,16,19188.2875,-8.81875,64.8125
M9W,Winter,13,TORONTO INTL A,14,19198.17142857143,-8.907142857142857,61.57142857142857
M9W,Winter,14,TORONTO INTL A,9,19236.9,-9.333333333333334,57.44444444444444
M9W,Winter,15,TORONTO INTL A,8,19177.462499999998,-10.675,54.375
M9W,Winter,16,TORONTO INTL A,17,19139.264705882353,-8.294117647058824,59.11764705882353
M9W,Winter,17,TORONTO INTL A,66,19287.07878787879,-5.716666666666667,68.60606060606061
M9W,Winter,18,TORONTO INTL A,72,19256.579166666666,-6.498611111111111,69.05555555555556
M9W,Winter,19,TORONTO INTL A,38,19254.365789473686,-8.578947368421053,66.28947368421052
M9W,Winter,20,TORONTO INTL A,15,19203.8,-11.033333333333333,66.4
M9W,Winter,21,TORONTO INTL A,1,18789.0,-19.7,69.0
