fsa,forecast_origin,horizon,target_timestamp,target_hour,target_weekday,target_month,target_is_weekend,target_hour_sin,target_hour_cos,target_weekday_sin,target_weekday_cos,target_month_sin,target_month_cos,target_season,target_lag_24h,target_lag_48h,target_lag_168h,origin_rolling_mean_24h,origin_rolling_std_24h,origin_rolling_mean_168h,_rf_origin_rolling_mean_24h,_rf_origin_rolling_std_24h,_rf_origin_rolling_mean_168h,origin__Temp (°C),origin__Rel Hum (%),origin__Stn Press (kPa),origin__reported_premise_count
L4T,2026-04-30 23:00:00,1,2026-05-01 00:00:00,0,4,5,0,0.0,1.0,-0.433883739117558,-0.9009688679024191,0.8660254037844387,-0.4999999999999998,Spring,8153.099200999999,7405.909256999999,7456.759459999999,9776.2982345,1357.2722995882364,9889.07541960119,9777.620754625,1356.402018909687,9893.549100392856,6.3,47.0,99.28,8660
L4T,2026-04-30 23:00:00,2,2026-05-01 01:00:00,1,4,5,0,0.25881904510252074,0.9659258262890683,-0.433883739117558,-0.9009688679024191,0.8660254037844387,-0.4999999999999998,Spring,7653.752194000001,7013.296881,7013.002783,9776.2982345,1357.2722995882364,9889.07541960119,9777.620754625,1356.402018909687,9893.549100392856,6.3,47.0,99.28,8660
L4T,2026-04-30 23:00:00,3,2026-05-01 02:00:00,2,4,5,0,0.49999999999999994,0.8660254037844387,-0.433883739117558,-0.9009688679024191,0.8660254037844387,-0.4999999999999998,Spring,7443.582926,6798.525304000001,6787.791676000001,9776.2982345,1357.2722995882364,9889.07541960119,9777.620754625,1356.402018909687,9893.549100392856,6.3,47.0,99.28,8660
L4T,2026-04-30 23:00:00,4,2026-05-01 03:00:00,3,4,5,0,0.7071067811865476,0.7071067811865476,-0.433883739117558,-0.9009688679024191,0.8660254037844387,-0.4999999999999998,Spring,7487.634418,6859.589232,6816.213098,9776.2982345,1357.2722995882364,9889.07541960119,9777.620754625,1356.402018909687,9893.549100392856,6.3,47.0,99.28,8660
L4T,2026-04-30 23:00:00,5,2026-05-01 04:00:00,4,4,5,0,0.8660254037844386,0.5000000000000001,-0.433883739117558,-0.9009688679024191,0.8660254037844387,-0.4999999999999998,Spring,7817.797866,7238.574437,7143.757561,9776.2982345,1357.2722995882364,9889.07541960119,9777.620754625,1356.402018909687,9893.549100392856,6.3,47.0,99.28,8660
L4T,2026-04-30 23:00:00,6,2026-05-01 05:00:00,5,4,5,0,0.9659258262890683,0.25881904510252074,-0.433883739117558,-0.9009688679024191,0.8660254037844387,-0.4999999999999998,Spring,8357.533677,7724.906018999999,7615.974551,9776.2982345,1357.2722995882364,9889.07541960119,9777.620754625,1356.402018909687,9893.549100392856,6.3,47.0,99.28,8660
L4T,2026-04-30 23:00:00,7,2026-05-01 06:00:00,6,4,5,0,1.0,6.123233995736766e-17,-0.433883739117558,-0.9009688679024191,0.8660254037844387,-0.4999999999999998,Spring,9131.815446,8451.282411,8403.808243,9776.2982345,1357.2722995882364,9889.07541960119,9777.620754625,1356.402018909687,9893.549100392856,6.3,47.0,99.28,8660
L4T,2026-04-30 23:00:00,8,2026-05-01 07:00:00,7,4,5,0,0.9659258262890683,-0.25881904510252063,-0.433883739117558,-0.9009688679024191,0.8660254037844387,-0.4999999999999998,Spring,9573.105634,8962.871563,9035.548381,9776.2982345,1357.2722995882364,9889.07541960119,9777.620754625,1356.402018909687,9893.549100392856,6.3,47.0,99.28,8660
L4T,2026-04-30 23:00:00,9,2026-05-01 08:00:00,8,4,5,0,0.8660254037844387,-0.4999999999999998,-0.433883739117558,-0.9009688679024191,0.8660254037844387,-0.4999999999999998,Spring,9803.66712,9422.833754,9529.987749,9776.2982345,1357.2722995882364,9889.07541960119,9777.620754625,1356.402018909687,9893.549100392856,6.3,47.0,99.28,8660
L4T,2026-04-30 23:00:00,10,2026-05-01 09:00:00,9,4,5,0,0.7071067811865476,-0.7071067811865475,-0.433883739117558,-0.9009688679024191,0.8660254037844387,-0.4999999999999998,Spring,10067.518088,9897.876503,10089.917445,9776.2982345,1357.2722995882364,9889.07541960119,9777.620754625,1356.402018909687,9893.549100392856,6.3,47.0,99.28,8660
L4T,2026-04-30 23:00:00,11,2026-05-01 10:00:00,10,4,5,0,0.49999999999999994,-0.8660254037844387,-0.433883739117558,-0.9009688679024191,0.8660254037844387,-0.4999999999999998,Spring,10377.917712,10380.463836,10532.60484,9776.2982345,1357.2722995882364,9889.07541960119,9777.620754625,1356.402018909687,9893.549100392856,6.3,47.0,99.28,8660
L4T,2026-04-30 23:00:00,12,2026-05-01 11:00:00,11,4,5,0,0.258819045102521,-0.9659258262890682,-0.433883739117558,-0.9009688679024191,0.8660254037844387,-0.4999999999999998,Spring,10673.529926,10636.42694,10879.37291,9776.2982345,1357.2722995882364,9889.07541960119,9777.620754625,1356.402018909687,9893.549100392856,6.3,47.0,99.28,8660
L4T,2026-04-30 23:00:00,13,2026-05-01 12:00:00,12,4,5,0,1.2246467991473532e-16,-1.0,-0.433883739117558,-0.9009688679024191,0.8660254037844387,-0.4999999999999998,Spring,10596.851773,10635.184819,10776.763367,9776.2982345,1357.2722995882364,9889.07541960119,9777.620754625,1356.402018909687,9893.549100392856,6.3,47.0,99.28,8660
L4T,2026-04-30 23:00:00,14,2026-05-01 13:00:00,13,4,5,0,-0.2588190451025208,-0.9659258262890683,-0.433883739117558,-0.9009688679024191,0.8660254037844387,-0.4999999999999998,Spring,10359.743954,10533.584988,10464.300118,9776.2982345,1357.2722995882364,9889.07541960119,9777.620754625,1356.402018909687,9893.549100392856,6.3,47.0,99.28,8660
L4T,2026-04-30 23:00:00,15,2026-05-01 14:00:00,14,4,5,0,-0.4999999999999997,-0.8660254037844388,-0.433883739117558,-0.9009688679024191,0.8660254037844387,-0.4999999999999998,Spring,10464.737357999998,10716.322046,10487.044039,9776.2982345,1357.2722995882364,9889.07541960119,9777.620754625,1356.402018909687,9893.549100392856,6.3,47.0,99.28,8660
L4T,2026-04-30 23:00:00,16,2026-05-01 15:00:00,15,4,5,0,-0.7071067811865471,-0.7071067811865479,-0.433883739117558,-0.9009688679024191,0.8660254037844387,-0.4999999999999998,Spring,10574.508172,11009.896368,10446.817885,9776.2982345,1357.2722995882364,9889.07541960119,9777.620754625,1356.402018909687,9893.549100392856,6.3,47.0,99.28,8660
L4T,2026-04-30 23:00:00,17,2026-05-01 16:00:00,16,4,5,0,-0.8660254037844385,-0.5000000000000004,-0.433883739117558,-0.9009688679024191,0.8660254037844387,-0.4999999999999998,Spring,10658.457242,11283.831252,10484.131175,9776.2982345,1357.2722995882364,9889.07541960119,9777.620754625,1356.402018909687,9893.549100392856,6.3,47.0,99.28,8660
L4T,2026-04-30 23:00:00,18,2026-05-01 17:00:00,17,4,5,0,-0.9659258262890683,-0.25881904510252063,-0.433883739117558,-0.9009688679024191,0.8660254037844387,-0.4999999999999998,Spring,10772.76868,11486.272705,10646.89663,9776.2982345,1357.2722995882364,9889.07541960119,9777.620754625,1356.402018909687,9893.549100392856,6.3,47.0,99.28,8660
L4T,2026-04-30 23:00:00,19,2026-05-01 18:00:00,18,4,5,0,-1.0,-1.8369701987210297e-16,-0.433883739117558,-0.9009688679024191,0.8660254037844387,-0.4999999999999998,Spring,11328.648822,11945.498561,11215.861281,9776.2982345,1357.2722995882364,9889.07541960119,9777.620754625,1356.402018909687,9893.549100392856,6.3,47.0,99.28,8660
L4T,2026-04-30 23:00:00,20,2026-05-01 19:00:00,19,4,5,0,-0.9659258262890684,0.2588190451025203,-0.433883739117558,-0.9009688679024191,0.8660254037844387,-0.4999999999999998,Spring,11797.954621,12263.542361999998,12032.428274,9776.2982345,1357.2722995882364,9889.07541960119,9777.620754625,1356.402018909687,9893.549100392856,6.3,47.0,99.28,8660
L4T,2026-04-30 23:00:00,21,2026-05-01 20:00:00,20,4,5,0,-0.8660254037844386,0.5000000000000001,-0.433883739117558,-0.9009688679024191,0.8660254037844387,-0.4999999999999998,Spring,11881.440754,11968.362745,11987.94886,9776.2982345,1357.2722995882364,9889.07541960119,9777.620754625,1356.402018909687,9893.549100392856,6.3,47.0,99.28,8660
L4T,2026-04-30 23:00:00,22,2026-05-01 21:00:00,21,4,5,0,-0.7071067811865477,0.7071067811865474,-0.433883739117558,-0.9009688679024191,0.8660254037844387,-0.4999999999999998,Spring,10963.747556,10989.928225,11282.045884,9776.2982345,1357.2722995882364,9889.07541960119,9777.620754625,1356.402018909687,9893.549100392856,6.3,47.0,99.28,8660
L4T,2026-04-30 23:00:00,23,2026-05-01 22:00:00,22,4,5,0,-0.5000000000000004,0.8660254037844384,-0.433883739117558,-0.9009688679024191,0.8660254037844387,-0.4999999999999998,Spring,9785.915521,9913.096219,10171.057115,9776.2982345,1357.2722995882364,9889.07541960119,9777.620754625,1356.402018909687,9893.549100392856,6.3,47.0,99.28,8660
L4T,2026-04-30 23:00:00,24,2026-05-01 23:00:00,23,4,5,0,-0.25881904510252157,0.9659258262890681,-0.433883739117558,-0.9009688679024191,0.8660254037844387,-0.4999999999999998,Spring,8937.16945,8905.428967,9195.437317,9776.2982345,1357.2722995882364,9889.07541960119,9777.620754625,1356.402018909687,9893.549100392856,6.3,47.0,99.28,8660
M5R,2026-04-30 23:00:00,1,2026-05-01 00:00:00,0,4,5,0,0.0,1.0,-0.433883739117558,-0.9009688679024191,0.8660254037844387,-0.4999999999999998,Spring,7183.914927,6458.637493,6552.029797,8804.201103125,1179.505335123931,8720.060520636904,8803.169297166665,1180.4750031329836,8723.511354708333,7.5,43.0,99.99,10487
M5R,2026-04-30 23:00:00,2,2026-05-01 01:00:00,1,4,5,0,0.25881904510252074,0.9659258262890683,-0.433883739117558,-0.9009688679024191,0.8660254037844387,-0.4999999999999998,Spring,6859.166269,6230.002412,6294.218889,8804.201103125,1179.505335123931,8720.060520636904,8803.169297166665,1180.4750031329836,8723.511354708333,7.5,43.0,99.99,10487
M5R,2026-04-30 23:00:00,3,2026-05-01 02:00:00,2,4,5,0,0.49999999999999994,0.8660254037844387,-0.433883739117558,-0.9009688679024191,0.8660254037844387,-0.4999999999999998,Spring,6825.064863,6092.656741,6192.223709,8804.201103125,1179.505335123931,8720.060520636904,8803.169297166665,1180.4750031329836,8723.511354708333,7.5,43.0,99.99,10487
M5R,2026-04-30 23:00:00,4,2026-05-01 03:00:00,3,4,5,0,0.7071067811865476,0.7071067811865476,-0.433883739117558,-0.9009688679024191,0.8660254037844387,-0.4999999999999998,Spring,6758.626384,6078.357043,5783.549879,8804.201103125,1179.505335123931,8720.060520636904,8803.169297166665,1180.4750031329836,8723.511354708333,7.5,43.0,99.99,10487
M5R,2026-04-30 23:00:00,5,2026-05-01 04:00:00,4,4,5,0,0.8660254037844386,0.5000000000000001,-0.433883739117558,-0.9009688679024191,0.8660254037844387,-0.4999999999999998,Spring,6990.230776,6322.799781,6308.318789,8804.201103125,1179.505335123931,8720.060520636904,8803.169297166665,1180.4750031329836,8723.511354708333,7.5,43.0,99.99,10487
M5R,2026-04-30 23:00:00,6,2026-05-01 05:00:00,5,4,5,0,0.9659258262890683,0.25881904510252074,-0.433883739117558,-0.9009688679024191,0.8660254037844387,-0.4999999999999998,Spring,7558.405583,6857.533504999999,6924.501087000001,8804.201103125,1179.505335123931,8720.060520636904,8803.169297166665,1180.4750031329836,8723.511354708333,7.5,43.0,99.99,10487
M5R,2026-04-30 23:00:00,7,2026-05-01 06:00:00,6,4,5,0,1.0,6.123233995736766e-17,-0.433883739117558,-0.9009688679024191,0.8660254037844387,-0.4999999999999998,Spring,8481.052279,7714.532424000001,7777.159243,8804.201103125,1179.505335123931,8720.060520636904,8803.169297166665,1180.4750031329836,8723.511354708333,7.5,43.0,99.99,10487
M5R,2026-04-30 23:00:00,8,2026-05-01 07:00:00,7,4,5,0,0.9659258262890683,-0.25881904510252063,-0.433883739117558,-0.9009688679024191,0.8660254037844387,-0.4999999999999998,Spring,9034.421012,8380.102754,8629.529499,8804.201103125,1179.505335123931,8720.060520636904,8803.169297166665,1180.4750031329836,8723.511354708333,7.5,43.0,99.99,10487
M5R,2026-04-30 23:00:00,9,2026-05-01 08:00:00,8,4,5,0,0.8660254037844387,-0.4999999999999998,-0.433883739117558,-0.9009688679024191,0.8660254037844387,-0.4999999999999998,Spring,9410.256866,8892.748583,9238.257679,8804.201103125,1179.505335123931,8720.060520636904,8803.169297166665,1180.4750031329836,8723.511354708333,7.5,43.0,99.99,10487
M5R,2026-04-30 23:00:00,10,2026-05-01 09:00:00,9,4,5,0,0.7071067811865476,-0.7071067811865475,-0.433883739117558,-0.9009688679024191,0.8660254037844387,-0.4999999999999998,Spring,9478.38006,9321.757719,9861.72158,8804.201103125,1179.505335123931,8720.060520636904,8803.169297166665,1180.4750031329836,8723.511354708333,7.5,43.0,99.99,10487
M5R,2026-04-30 23:00:00,11,2026-05-01 10:00:00,10,4,5,0,0.49999999999999994,-0.8660254037844387,-0.433883739117558,-0.9009688679024191,0.8660254037844387,-0.4999999999999998,Spring,9592.588245,9658.813355,10042.476933,8804.201103125,1179.505335123931,8720.060520636904,8803.169297166665,1180.4750031329836,8723.511354708333,7.5,43.0,99.99,10487
M5R,2026-04-30 23:00:00,12,2026-05-01 11:00:00,11,4,5,0,0.258819045102521,-0.9659258262890682,-0.433883739117558,-0.9009688679024191,0.8660254037844387,-0.4999999999999998,Spring,9829.792135,9639.408364,10210.526398,8804.201103125,1179.505335123931,8720.060520636904,8803.169297166665,1180.4750031329836,8723.511354708333,7.5,43.0,99.99,10487
M5R,2026-04-30 23:00:00,13,2026-05-01 12:00:00,12,4,5,0,1.2246467991473532e-16,-1.0,-0.433883739117558,-0.9009688679024191,0.8660254037844387,-0.4999999999999998,Spring,9799.386239,9639.077062,10263.22342,8804.201103125,1179.505335123931,8720.060520636904,8803.169297166665,1180.4750031329836,8723.511354708333,7.5,43.0,99.99,10487
M5R,2026-04-30 23:00:00,14,2026-05-01 13:00:00,13,4,5,0,-0.2588190451025208,-0.9659258262890683,-0.433883739117558,-0.9009688679024191,0.8660254037844387,-0.4999999999999998,Spring,9562.168749,9502.760725,9957.207432,8804.201103125,1179.505335123931,8720.060520636904,8803.169297166665,1180.4750031329836,8723.511354708333,7.5,43.0,99.99,10487
M5R,2026-04-30 23:00:00,15,2026-05-01 14:00:00,14,4,5,0,-0.4999999999999997,-0.8660254037844388,-0.433883739117558,-0.9009688679024191,0.8660254037844387,-0.4999999999999998,Spring,9403.208367,9516.410408,9739.760864,8804.201103125,1179.505335123931,8720.060520636904,8803.169297166665,1180.4750031329836,8723.511354708333,7.5,43.0,99.99,10487
M5R,2026-04-30 23:00:00,16,2026-05-01 15:00:00,15,4,5,0,-0.7071067811865471,-0.7071067811865479,-0.433883739117558,-0.9009688679024191,0.8660254037844387,-0.4999999999999998,Spring,9489.650794,9691.555274,9749.538731,8804.201103125,1179.505335123931,8720.060520636904,8803.169297166665,1180.4750031329836,8723.511354708333,7.5,43.0,99.99,10487
M5R,2026-04-30 23:00:00,17,2026-05-01 16:00:00,16,4,5,0,-0.8660254037844385,-0.5000000000000004,-0.433883739117558,-0.9009688679024191,0.8660254037844387,-0.4999999999999998,Spring,9713.846851,9974.342332,9926.961281,8804.201103125,1179.505335123931,8720.060520636904,8803.169297166665,1180.4750031329836,8723.511354708333,7.5,43.0,99.99,10487
M5R,2026-04-30 23:00:00,18,2026-05-01 17:00:00,17,4,5,0,-0.9659258262890683,-0.25881904510252063,-0.433883739117558,-0.9009688679024191,0.8660254037844387,-0.4999999999999998,Spring,9944.1572,10134.581404,10062.309332,8804.201103125,1179.505335123931,8720.060520636904,8803.169297166665,1180.4750031329836,8723.511354708333,7.5,43.0,99.99,10487
M5R,2026-04-30 23:00:00,19,2026-05-01 18:00:00,18,4,5,0,-1.0,-1.8369701987210297e-16,-0.433883739117558,-0.9009688679024191,0.8660254037844387,-0.4999999999999998,Spring,9931.729524,10364.628608,10067.928566,8804.201103125,1179.505335123931,8720.060520636904,8803.169297166665,1180.4750031329836,8723.511354708333,7.5,43.0,99.99,10487
M5R,2026-04-30 23:00:00,20,2026-05-01 19:00:00,19,4,5,0,-0.9659258262890684,0.2588190451025203,-0.433883739117558,-0.9009688679024191,0.8660254037844387,-0.4999999999999998,Spring,10070.277593,10262.379062,10042.713914,8804.201103125,1179.505335123931,8720.060520636904,8803.169297166665,1180.4750031329836,8723.511354708333,7.5,43.0,99.99,10487
M5R,2026-04-30 23:00:00,21,2026-05-01 20:00:00,20,4,5,0,-0.8660254037844386,0.5000000000000001,-0.433883739117558,-0.9009688679024191,0.8660254037844387,-0.4999999999999998,Spring,9902.190638,9969.687703,9887.034369,8804.201103125,1179.505335123931,8720.060520636904,8803.169297166665,1180.4750031329836,8723.511354708333,7.5,43.0,99.99,10487
M5R,2026-04-30 23:00:00,22,2026-05-01 21:00:00,21,4,5,0,-0.7071067811865477,0.7071067811865474,-0.433883739117558,-0.9009688679024191,0.8660254037844387,-0.4999999999999998,Spring,9239.612636,9370.636441,9401.069917,8804.201103125,1179.505335123931,8720.060520636904,8803.169297166665,1180.4750031329836,8723.511354708333,7.5,43.0,99.99,10487
M5R,2026-04-30 23:00:00,23,2026-05-01 22:00:00,22,4,5,0,-0.5000000000000004,0.8660254037844384,-0.433883739117558,-0.9009688679024191,0.8660254037844387,-0.4999999999999998,Spring,8489.354466,8509.072920999999,8554.008372,8804.201103125,1179.505335123931,8720.060520636904,8803.169297166665,1180.4750031329836,8723.511354708333,7.5,43.0,99.99,10487
M5R,2026-04-30 23:00:00,24,2026-05-01 23:00:00,23,4,5,0,-0.25881904510252157,0.9659258262890681,-0.433883739117558,-0.9009688679024191,0.8660254037844387,-0.4999999999999998,Spring,7728.580676,7753.344019,7897.446791,8804.201103125,1179.505335123931,8720.060520636904,8803.169297166665,1180.4750031329836,8723.511354708333,7.5,43.0,99.99,10487
M5S,2026-04-30 23:00:00,1,2026-05-01 00:00:00,0,4,5,0,0.0,1.0,-0.433883739117558,-0.9009688679024191,0.8660254037844387,-0.4999999999999998,Spring,4163.953322,3929.719329,3998.903708,4928.110206708334,715.1743991292061,4943.510143517857,4930.633372125,713.80702192782,4944.641180202381,7.5,43.0,99.99,6488
M5S,2026-04-30 23:00:00,2,2026-05-01 01:00:00,1,4,5,0,0.25881904510252074,0.9659258262890683,-0.433883739117558,-0.9009688679024191,0.8660254037844387,-0.4999999999999998,Spring,3897.252864,3685.870547,3747.447275,4928.110206708334,715.1743991292061,4943.510143517857,4930.633372125,713.80702192782,4944.641180202381,7.5,43.0,99.99,6488
M5S,2026-04-30 23:00:00,3,2026-05-01 02:00:00,2,4,5,0,0.49999999999999994,0.8660254037844387,-0.433883739117558,-0.9009688679024191,0.8660254037844387,-0.4999999999999998,Spring,3763.221242,3522.313381,3578.302508,4928.110206708334,715.1743991292061,4943.510143517857,4930.633372125,713.80702192782,4944.641180202381,7.5,43.0,99.99,6488
M5S,2026-04-30 23:00:00,4,2026-05-01 03:00:00,3,4,5,0,0.7071067811865476,0.7071067811865476,-0.433883739117558,-0.9009688679024191,0.8660254037844387,-0.4999999999999998,Spring,3713.561361,3438.9008,3349.114616,4928.110206708334,715.1743991292061,4943.510143517857,4930.633372125,713.80702192782,4944.641180202381,7.5,43.0,99.99,6488
M5S,2026-04-30 23:00:00,5,2026-05-01 04:00:00,4,4,5,0,0.8660254037844386,0.5000000000000001,-0.433883739117558,-0.9009688679024191,0.8660254037844387,-0.4999999999999998,Spring,3726.82884,3481.204974,3507.13702,4928.110206708334,715.1743991292061,4943.510143517857,4930.633372125,713.80702192782,4944.641180202381,7.5,43.0,99.99,6488
M5S,2026-04-30 23:00:00,6,2026-05-01 05:00:00,5,4,5,0,0.9659258262890683,0.25881904510252074,-0.433883739117558,-0.9009688679024191,0.8660254037844387,-0.4999999999999998,Spring,3949.691187,3660.431331,3681.203719,4928.110206708334,715.1743991292061,4943.510143517857,4930.633372125,713.80702192782,4944.641180202381,7.5,43.0,99.99,6488
M5S,2026-04-30 23:00:00,7,2026-05-01 06:00:00,6,4,5,0,1.0,6.123233995736766e-17,-0.433883739117558,-0.9009688679024191,0.8660254037844387,-0.4999999999999998,Spring,4414.534851,4149.105625,4208.614623,4928.110206708334,715.1743991292061,4943.510143517857,4930.633372125,713.80702192782,4944.641180202381,7.5,43.0,99.99,6488
M5S,2026-04-30 23:00:00,8,2026-05-01 07:00:00,7,4,5,0,0.9659258262890683,-0.25881904510252063,-0.433883739117558,-0.9009688679024191,0.8660254037844387,-0.4999999999999998,Spring,4780.020797,4577.144362,4757.380513,4928.110206708334,715.1743991292061,4943.510143517857,4930.633372125,713.80702192782,4944.641180202381,7.5,43.0,99.99,6488
M5S,2026-04-30 23:00:00,9,2026-05-01 08:00:00,8,4,5,0,0.8660254037844387,-0.4999999999999998,-0.433883739117558,-0.9009688679024191,0.8660254037844387,-0.4999999999999998,Spring,4994.457866,4848.45215,5080.132867,4928.110206708334,715.1743991292061,4943.510143517857,4930.633372125,713.80702192782,4944.641180202381,7.5,43.0,99.99,6488
M5S,2026-04-30 23:00:00,10,2026-05-01 09:00:00,9,4,5,0,0.7071067811865476,-0.7071067811865475,-0.433883739117558,-0.9009688679024191,0.8660254037844387,-0.4999999999999998,Spring,5160.639787,5054.421776,5328.645883,4928.110206708334,715.1743991292061,4943.510143517857,4930.633372125,713.80702192782,4944.641180202381,7.5,43.0,99.99,6488
M5S,2026-04-30 23:00:00,11,2026-05-01 10:00:00,10,4,5,0,0.49999999999999994,-0.8660254037844387,-0.433883739117558,-0.9009688679024191,0.8660254037844387,-0.4999999999999998,Spring,5397.482102,5217.076014,5643.7894830000005,4928.110206708334,715.1743991292061,4943.510143517857,4930.633372125,713.80702192782,4944.641180202381,7.5,43.0,99.99,6488
M5S,2026-04-30 23:00:00,12,2026-05-01 11:00:00,11,4,5,0,0.258819045102521,-0.9659258262890682,-0.433883739117558,-0.9009688679024191,0.8660254037844387,-0.4999999999999998,Spring,5541.283177,5417.804770000001,5795.64316,4928.110206708334,715.1743991292061,4943.510143517857,4930.633372125,713.80702192782,4944.641180202381,7.5,43.0,99.99,6488
M5S,2026-04-30 23:00:00,13,2026-05-01 12:00:00,12,4,5,0,1.2246467991473532e-16,-1.0,-0.433883739117558,-0.9009688679024191,0.8660254037844387,-0.4999999999999998,Spring,5436.064557,5463.699608000001,5790.197118,4928.110206708334,715.1743991292061,4943.510143517857,4930.633372125,713.80702192782,4944.641180202381,7.5,43.0,99.99,6488
M5S,2026-04-30 23:00:00,14,2026-05-01 13:00:00,13,4,5,0,-0.2588190451025208,-0.9659258262890683,-0.433883739117558,-0.9009688679024191,0.8660254037844387,-0.4999999999999998,Spring,5367.800999,5433.109723,5593.117544,4928.110206708334,715.1743991292061,4943.510143517857,4930.633372125,713.80702192782,4944.641180202381,7.5,43.0,99.99,6488
M5S,2026-04-30 23:00:00,15,2026-05-01 14:00:00,14,4,5,0,-0.4999999999999997,-0.8660254037844388,-0.433883739117558,-0.9009688679024191,0.8660254037844387,-0.4999999999999998,Spring,5310.18225,5491.340436,5485.86714,4928.110206708334,715.1743991292061,4943.510143517857,4930.633372125,713.80702192782,4944.641180202381,7.5,43.0,99.99,6488
M5S,2026-04-30 23:00:00,16,2026-05-01 15:00:00,15,4,5,0,-0.7071067811865471,-0.7071067811865479,-0.433883739117558,-0.9009688679024191,0.8660254037844387,-0.4999999999999998,Spring,5347.99922,5559.210797,5560.234727,4928.110206708334,715.1743991292061,4943.510143517857,4930.633372125,713.80702192782,4944.641180202381,7.5,43.0,99.99,6488
M5S,2026-04-30 23:00:00,17,2026-05-01 16:00:00,16,4,5,0,-0.8660254037844385,-0.5000000000000004,-0.433883739117558,-0.9009688679024191,0.8660254037844387,-0.4999999999999998,Spring,5516.935088,5643.933222,5740.325593,4928.110206708334,715.1743991292061,4943.510143517857,4930.633372125,713.80702192782,4944.641180202381,7.5,43.0,99.99,6488
M5S,2026-04-30 23:00:00,18,2026-05-01 17:00:00,17,4,5,0,-0.9659258262890683,-0.25881904510252063,-0.433883739117558,-0.9009688679024191,0.8660254037844387,-0.4999999999999998,Spring,5587.217060999999,5777.5679,5851.8276240000005,4928.110206708334,715.1743991292061,4943.510143517857,4930.633372125,713.80702192782,4944.641180202381,7.5,43.0,99.99,6488
M5S,2026-04-30 23:00:00,19,2026-05-01 18:00:00,18,4,5,0,-1.0,-1.8369701987210297e-16,-0.433883739117558,-0.9009688679024191,0.8660254037844387,-0.4999999999999998,Spring,5748.1494600000005,5866.331189,5909.308334,4928.110206708334,715.1743991292061,4943.510143517857,4930.633372125,713.80702192782,4944.641180202381,7.5,43.0,99.99,6488
M5S,2026-04-30 23:00:00,20,2026-05-01 19:00:00,19,4,5,0,-0.9659258262890684,0.2588190451025203,-0.433883739117558,-0.9009688679024191,0.8660254037844387,-0.4999999999999998,Spring,5763.640101,5913.275566,5940.798836,4928.110206708334,715.1743991292061,4943.510143517857,4930.633372125,713.80702192782,4944.641180202381,7.5,43.0,99.99,6488
M5S,2026-04-30 23:00:00,21,2026-05-01 20:00:00,20,4,5,0,-0.8660254037844386,0.5000000000000001,-0.433883739117558,-0.9009688679024191,0.8660254037844387,-0.4999999999999998,Spring,5695.613669,5756.49462,5793.028227,4928.110206708334,715.1743991292061,4943.510143517857,4930.633372125,713.80702192782,4944.641180202381,7.5,43.0,99.99,6488
M5S,2026-04-30 23:00:00,22,2026-05-01 21:00:00,21,4,5,0,-0.7071067811865477,0.7071067811865474,-0.433883739117558,-0.9009688679024191,0.8660254037844387,-0.4999999999999998,Spring,5436.897047,5397.704845,5451.741393,4928.110206708334,715.1743991292061,4943.510143517857,4930.633372125,713.80702192782,4944.641180202381,7.5,43.0,99.99,6488
M5S,2026-04-30 23:00:00,23,2026-05-01 22:00:00,22,4,5,0,-0.5000000000000004,0.8660254037844384,-0.433883739117558,-0.9009688679024191,0.8660254037844387,-0.4999999999999998,Spring,5033.194264,4986.537365,5072.095426,4928.110206708334,715.1743991292061,4943.510143517857,4930.633372125,713.80702192782,4944.641180202381,7.5,43.0,99.99,6488
M5S,2026-04-30 23:00:00,24,2026-05-01 23:00:00,23,4,5,0,-0.25881904510252157,0.9659258262890681,-0.433883739117558,-0.9009688679024191,0.8660254037844387,-0.4999999999999998,Spring,4588.579819,4528.023849,4707.818202,4928.110206708334,715.1743991292061,4943.510143517857,4930.633372125,713.80702192782,4944.641180202381,7.5,43.0,99.99,6488
M6G,2026-04-30 23:00:00,1,2026-05-01 00:00:00,0,4,5,0,0.0,1.0,-0.433883739117558,-0.9009688679024191,0.8660254037844387,-0.4999999999999998,Spring,8383.090121,7600.709448,7547.613292000001,10255.857512,1589.4628700218555,10253.846178541668,10253.690742125,1591.1046472865057,10257.638246160714,7.5,43.0,99.99,12121
M6G,2026-04-30 23:00:00,2,2026-05-01 01:00:00,1,4,5,0,0.25881904510252074,0.9659258262890683,-0.433883739117558,-0.9009688679024191,0.8660254037844387,-0.4999999999999998,Spring,7766.426631,7125.271707,7115.759028,10255.857512,1589.4628700218555,10253.846178541668,10253.690742125,1591.1046472865057,10257.638246160714,7.5,43.0,99.99,12121
M6G,2026-04-30 23:00:00,3,2026-05-01 02:00:00,2,4,5,0,0.49999999999999994,0.8660254037844387,-0.433883739117558,-0.9009688679024191,0.8660254037844387,-0.4999999999999998,Spring,7581.283208,6857.2522930000005,6848.209121,10255.857512,1589.4628700218555,10253.846178541668,10253.690742125,1591.1046472865057,10257.638246160714,7.5,43.0,99.99,12121
M6G,2026-04-30 23:00:00,4,2026-05-01 03:00:00,3,4,5,0,0.7071067811865476,0.7071067811865476,-0.433883739117558,-0.9009688679024191,0.8660254037844387,-0.4999999999999998,Spring,7493.383523999999,6769.511496,6638.588725,10255.857512,1589.4628700218555,10253.846178541668,10253.690742125,1591.1046472865057,10257.638246160714,7.5,43.0,99.99,12121
M6G,2026-04-30 23:00:00,5,2026-05-01 04:00:00,4,4,5,0,0.8660254037844386,0.5000000000000001,-0.433883739117558,-0.9009688679024191,0.8660254037844387,-0.4999999999999998,Spring,7827.093803000001,7013.301812,7094.387569,10255.857512,1589.4628700218555,10253.846178541668,10253.690742125,1591.1046472865057,10257.638246160714,7.5,43.0,99.99,12121
M6G,2026-04-30 23:00:00,6,2026-05-01 05:00:00,5,4,5,0,0.9659258262890683,0.25881904510252074,-0.433883739117558,-0.9009688679024191,0.8660254037844387,-0.4999999999999998,Spring,8641.397487,7688.922461999999,7815.824399999999,10255.857512,1589.4628700218555,10253.846178541668,10253.690742125,1591.1046472865057,10257.638246160714,7.5,43.0,99.99,12121
M6G,2026-04-30 23:00:00,7,2026-05-01 06:00:00,6,4,5,0,1.0,6.123233995736766e-17,-0.433883739117558,-0.9009688679024191,0.8660254037844387,-0.4999999999999998,Spring,9715.386676,8828.477803,8930.394115000001,10255.857512,1589.4628700218555,10253.846178541668,10253.690742125,1591.1046472865057,10257.638246160714,7.5,43.0,99.99,12121
M6G,2026-04-30 23:00:00,8,2026-05-01 07:00:00,7,4,5,0,0.9659258262890683,-0.25881904510252063,-0.433883739117558,-0.9009688679024191,0.8660254037844387,-0.4999999999999998,Spring,10291.539484,9570.599492,9847.845741,10255.857512,1589.4628700218555,10253.846178541668,10253.690742125,1591.1046472865057,10257.638246160714,7.5,43.0,99.99,12121
M6G,2026-04-30 23:00:00,9,2026-05-01 08:00:00,8,4,5,0,0.8660254037844387,-0.4999999999999998,-0.433883739117558,-0.9009688679024191,0.8660254037844387,-0.4999999999999998,Spring,10406.443753,9890.713995,10317.041923,10255.857512,1589.4628700218555,10253.846178541668,10253.690742125,1591.1046472865057,10257.638246160714,7.5,43.0,99.99,12121
M6G,2026-04-30 23:00:00,10,2026-05-01 09:00:00,9,4,5,0,0.7071067811865476,-0.7071067811865475,-0.433883739117558,-0.9009688679024191,0.8660254037844387,-0.4999999999999998,Spring,10583.168115,10202.231148,10875.285557,10255.857512,1589.4628700218555,10253.846178541668,10253.690742125,1591.1046472865057,10257.638246160714,7.5,43.0,99.99,12121
M6G,2026-04-30 23:00:00,11,2026-05-01 10:00:00,10,4,5,0,0.49999999999999994,-0.8660254037844387,-0.433883739117558,-0.9009688679024191,0.8660254037844387,-0.4999999999999998,Spring,10877.528696,10671.315697,11259.852116,10255.857512,1589.4628700218555,10253.846178541668,10253.690742125,1591.1046472865057,10257.638246160714,7.5,43.0,99.99,12121
M6G,2026-04-30 23:00:00,12,2026-05-01 11:00:00,11,4,5,0,0.258819045102521,-0.9659258262890682,-0.433883739117558,-0.9009688679024191,0.8660254037844387,-0.4999999999999998,Spring,11216.369657,10919.363684,11547.340325,10255.857512,1589.4628700218555,10253.846178541668,10253.690742125,1591.1046472865057,10257.638246160714,7.5,43.0,99.99,12121
M6G,2026-04-30 23:00:00,13,2026-05-01 12:00:00,12,4,5,0,1.2246467991473532e-16,-1.0,-0.433883739117558,-0.9009688679024191,0.8660254037844387,-0.4999999999999998,Spring,11085.28951,11016.827677,11714.037194,10255.857512,1589.4628700218555,10253.846178541668,10253.690742125,1591.1046472865057,10257.638246160714,7.5,43.0,99.99,12121
M6G,2026-04-30 23:00:00,14,2026-05-01 13:00:00,13,4,5,0,-0.2588190451025208,-0.9659258262890683,-0.433883739117558,-0.9009688679024191,0.8660254037844387,-0.4999999999999998,Spring,10776.640592,10944.010717,11417.334169,10255.857512,1589.4628700218555,10253.846178541668,10253.690742125,1591.1046472865057,10257.638246160714,7.5,43.0,99.99,12121
M6G,2026-04-30 23:00:00,15,2026-05-01 14:00:00,14,4,5,0,-0.4999999999999997,-0.8660254037844388,-0.433883739117558,-0.9009688679024191,0.8660254037844387,-0.4999999999999998,Spring,10833.330547,10916.538947,11352.967088,10255.857512,1589.4628700218555,10253.846178541668,10253.690742125,1591.1046472865057,10257.638246160714,7.5,43.0,99.99,12121
M6G,2026-04-30 23:00:00,16,2026-05-01 15:00:00,15,4,5,0,-0.7071067811865471,-0.7071067811865479,-0.433883739117558,-0.9009688679024191,0.8660254037844387,-0.4999999999999998,Spring,11044.931248,11463.601864,11601.905281,10255.857512,1589.4628700218555,10253.846178541668,10253.690742125,1591.1046472865057,10257.638246160714,7.5,43.0,99.99,12121
M6G,2026-04-30 23:00:00,17,2026-05-01 16:00:00,16,4,5,0,-0.8660254037844385,-0.5000000000000004,-0.433883739117558,-0.9009688679024191,0.8660254037844387,-0.4999999999999998,Spring,11551.146863,12125.844905,12029.994167,10255.857512,1589.4628700218555,10253.846178541668,10253.690742125,1591.1046472865057,10257.638246160714,7.5,43.0,99.99,12121
M6G,2026-04-30 23:00:00,18,2026-05-01 17:00:00,17,4,5,0,-0.9659258262890683,-0.25881904510252063,-0.433883739117558,-0.9009688679024191,0.8660254037844387,-0.4999999999999998,Spring,11977.484479,12517.970992,12274.066401,10255.857512,1589.4628700218555,10253.846178541668,10253.690742125,1591.1046472865057,10257.638246160714,7.5,43.0,99.99,12121
M6G,2026-04-30 23:00:00,19,2026-05-01 18:00:00,18,4,5,0,-1.0,-1.8369701987210297e-16,-0.433883739117558,-0.9009688679024191,0.8660254037844387,-0.4999999999999998,Spring,12285.160136,12826.57966,12466.372691,10255.857512,1589.4628700218555,10253.846178541668,10253.690742125,1591.1046472865057,10257.638246160714,7.5,43.0,99.99,12121
M6G,2026-04-30 23:00:00,20,2026-05-01 19:00:00,19,4,5,0,-0.9659258262890684,0.2588190451025203,-0.433883739117558,-0.9009688679024191,0.8660254037844387,-0.4999999999999998,Spring,12601.978835999998,12815.304565,12572.289684,10255.857512,1589.4628700218555,10253.846178541668,10253.690742125,1591.1046472865057,10257.638246160714,7.5,43.0,99.99,12121
M6G,2026-04-30 23:00:00,21,2026-05-01 20:00:00,20,4,5,0,-0.8660254037844386,0.5000000000000001,-0.433883739117558,-0.9009688679024191,0.8660254037844387,-0.4999999999999998,Spring,12345.672008,12466.494487,12310.692777,10255.857512,1589.4628700218555,10253.846178541668,10253.690742125,1591.1046472865057,10257.638246160714,7.5,43.0,99.99,12121
M6G,2026-04-30 23:00:00,22,2026-05-01 21:00:00,21,4,5,0,-0.7071067811865477,0.7071067811865474,-0.433883739117558,-0.9009688679024191,0.8660254037844387,-0.4999999999999998,Spring,11503.301354,11554.275715,11617.911646,10255.857512,1589.4628700218555,10253.846178541668,10253.690742125,1591.1046472865057,10257.638246160714,7.5,43.0,99.99,12121
M6G,2026-04-30 23:00:00,23,2026-05-01 22:00:00,22,4,5,0,-0.5000000000000004,0.8660254037844384,-0.433883739117558,-0.9009688679024191,0.8660254037844387,-0.4999999999999998,Spring,10226.520679,10259.897556,10452.418188,10255.857512,1589.4628700218555,10253.846178541668,10253.690742125,1591.1046472865057,10257.638246160714,7.5,43.0,99.99,12121
M6G,2026-04-30 23:00:00,24,2026-05-01 23:00:00,23,4,5,0,-0.25881904510252157,0.9659258262890681,-0.433883739117558,-0.9009688679024191,0.8660254037844387,-0.4999999999999998,Spring,9074.010404,9126.012881,9463.062957,10255.857512,1589.4628700218555,10253.846178541668,10253.690742125,1591.1046472865057,10257.638246160714,7.5,43.0,99.99,12121
M9R,2026-04-30 23:00:00,1,2026-05-01 00:00:00,0,4,5,0,0.0,1.0,-0.433883739117558,-0.9009688679024191,0.8660254037844387,-0.4999999999999998,Spring,4002.852486,3664.095367,3601.405903,4758.869456958333,728.2130256045143,4846.893532666667,4755.1655665416665,730.0020968920763,4849.169879702381,6.3,47.0,99.28,6048
M9R,2026-04-30 23:00:00,2,2026-05-01 01:00:00,1,4,5,0,0.25881904510252074,0.9659258262890683,-0.433883739117558,-0.9009688679024191,0.8660254037844387,-0.4999999999999998,Spring,3748.700761,3399.180739,3346.945747,4758.869456958333,728.2130256045143,4846.893532666667,4755.1655665416665,730.0020968920763,4849.169879702381,6.3,47.0,99.28,6048
M9R,2026-04-30 23:00:00,3,2026-05-01 02:00:00,2,4,5,0,0.49999999999999994,0.8660254037844387,-0.433883739117558,-0.9009688679024191,0.8660254037844387,-0.4999999999999998,Spring,3622.806726,3301.145368,3240.434379,4758.869456958333,728.2130256045143,4846.893532666667,4755.1655665416665,730.0020968920763,4849.169879702381,6.3,47.0,99.28,6048
M9R,2026-04-30 23:00:00,4,2026-05-01 03:00:00,3,4,5,0,0.7071067811865476,0.7071067811865476,-0.433883739117558,-0.9009688679024191,0.8660254037844387,-0.4999999999999998,Spring,3650.464072,3306.114935,3287.417051,4758.869456958333,728.2130256045143,4846.893532666667,4755.1655665416665,730.0020968920763,4849.169879702381,6.3,47.0,99.28,6048
M9R,2026-04-30 23:00:00,5,2026-05-01 04:00:00,4,4,5,0,0.8660254037844386,0.5000000000000001,-0.433883739117558,-0.9009688679024191,0.8660254037844387,-0.4999999999999998,Spring,3877.508165,3552.438779,3515.611195,4758.869456958333,728.2130256045143,4846.893532666667,4755.1655665416665,730.0020968920763,4849.169879702381,6.3,47.0,99.28,6048
M9R,2026-04-30 23:00:00,6,2026-05-01 05:00:00,5,4,5,0,0.9659258262890683,0.25881904510252074,-0.433883739117558,-0.9009688679024191,0.8660254037844387,-0.4999999999999998,Spring,4315.372796,3989.082871,3909.971524,4758.869456958333,728.2130256045143,4846.893532666667,4755.1655665416665,730.0020968920763,4849.169879702381,6.3,47.0,99.28,6048
M9R,2026-04-30 23:00:00,7,2026-05-01 06:00:00,6,4,5,0,1.0,6.123233995736766e-17,-0.433883739117558,-0.9009688679024191,0.8660254037844387,-0.4999999999999998,Spring,4783.265464,4392.699148,4368.545824000001,4758.869456958333,728.2130256045143,4846.893532666667,4755.1655665416665,730.0020968920763,4849.169879702381,6.3,47.0,99.28,6048
M9R,2026-04-30 23:00:00,8,2026-05-01 07:00:00,7,4,5,0,0.9659258262890683,-0.25881904510252063,-0.433883739117558,-0.9009688679024191,0.8660254037844387,-0.4999999999999998,Spring,4737.627674,4381.917676,4485.520434,4758.869456958333,728.2130256045143,4846.893532666667,4755.1655665416665,730.0020968920763,4849.169879702381,6.3,47.0,99.28,6048
M9R,2026-04-30 23:00:00,9,2026-05-01 08:00:00,8,4,5,0,0.8660254037844387,-0.4999999999999998,-0.433883739117558,-0.9009688679024191,0.8660254037844387,-0.4999999999999998,Spring,4599.119971,4486.744766,4586.479975,4758.869456958333,728.2130256045143,4846.893532666667,4755.1655665416665,730.0020968920763,4849.169879702381,6.3,47.0,99.28,6048
M9R,2026-04-30 23:00:00,10,2026-05-01 09:00:00,9,4,5,0,0.7071067811865476,-0.7071067811865475,-0.433883739117558,-0.9009688679024191,0.8660254037844387,-0.4999999999999998,Spring,4513.603661,4564.640153,4709.399732,4758.869456958333,728.2130256045143,4846.893532666667,4755.1655665416665,730.0020968920763,4849.169879702381,6.3,47.0,99.28,6048
M9R,2026-04-30 23:00:00,11,2026-05-01 10:00:00,10,4,5,0,0.49999999999999994,-0.8660254037844387,-0.433883739117558,-0.9009688679024191,0.8660254037844387,-0.4999999999999998,Spring,4595.802581,4685.2790430000005,4836.88018,4758.869456958333,728.2130256045143,4846.893532666667,4755.1655665416665,730.0020968920763,4849.169879702381,6.3,47.0,99.28,6048
M9R,2026-04-30 23:00:00,12,2026-05-01 11:00:00,11,4,5,0,0.258819045102521,-0.9659258262890682,-0.433883739117558,-0.9009688679024191,0.8660254037844387,-0.4999999999999998,Spring,4733.632509,4713.77706,5018.068037,4758.869456958333,728.2130256045143,4846.893532666667,4755.1655665416665,730.0020968920763,4849.169879702381,6.3,47.0,99.28,6048
M9R,2026-04-30 23:00:00,13,2026-05-01 12:00:00,12,4,5,0,1.2246467991473532e-16,-1.0,-0.433883739117558,-0.9009688679024191,0.8660254037844387,-0.4999999999999998,Spring,4678.069936,4765.671815,4978.665352999999,4758.869456958333,728.2130256045143,4846.893532666667,4755.1655665416665,730.0020968920763,4849.169879702381,6.3,47.0,99.28,6048
M9R,2026-04-30 23:00:00,14,2026-05-01 13:00:00,13,4,5,0,-0.2588190451025208,-0.9659258262890683,-0.433883739117558,-0.9009688679024191,0.8660254037844387,-0.4999999999999998,Spring,4547.953832,4704.491889,4750.29347,4758.869456958333,728.2130256045143,4846.893532666667,4755.1655665416665,730.0020968920763,4849.169879702381,6.3,47.0,99.28,6048
M9R,2026-04-30 23:00:00,15,2026-05-01 14:00:00,14,4,5,0,-0.4999999999999997,-0.8660254037844388,-0.433883739117558,-0.9009688679024191,0.8660254037844387,-0.4999999999999998,Spring,4699.815285,4957.945597,4830.487863,4758.869456958333,728.2130256045143,4846.893532666667,4755.1655665416665,730.0020968920763,4849.169879702381,6.3,47.0,99.28,6048
M9R,2026-04-30 23:00:00,16,2026-05-01 15:00:00,15,4,5,0,-0.7071067811865471,-0.7071067811865479,-0.433883739117558,-0.9009688679024191,0.8660254037844387,-0.4999999999999998,Spring,5017.531274,5348.7791130000005,5115.887936,4758.869456958333,728.2130256045143,4846.893532666667,4755.1655665416665,730.0020968920763,4849.169879702381,6.3,47.0,99.28,6048
M9R,2026-04-30 23:00:00,17,2026-05-01 16:00:00,16,4,5,0,-0.8660254037844385,-0.5000000000000004,-0.433883739117558,-0.9009688679024191,0.8660254037844387,-0.4999999999999998,Spring,5408.063536000001,5843.9480300000005,5490.62715,4758.869456958333,728.2130256045143,4846.893532666667,4755.1655665416665,730.0020968920763,4849.169879702381,6.3,47.0,99.28,6048
M9R,2026-04-30 23:00:00,18,2026-05-01 17:00:00,17,4,5,0,-0.9659258262890683,-0.25881904510252063,-0.433883739117558,-0.9009688679024191,0.8660254037844387,-0.4999999999999998,Spring,5471.918877,5944.756582,5408.846259999999,4758.869456958333,728.2130256045143,4846.893532666667,4755.1655665416665,730.0020968920763,4849.169879702381,6.3,47.0,99.28,6048
M9R,2026-04-30 23:00:00,19,2026-05-01 18:00:00,18,4,5,0,-1.0,-1.8369701987210297e-16,-0.433883739117558,-0.9009688679024191,0.8660254037844387,-0.4999999999999998,Spring,5736.643331,6118.3272130000005,5706.920783,4758.869456958333,728.2130256045143,4846.893532666667,4755.1655665416665,730.0020968920763,4849.169879702381,6.3,47.0,99.28,6048
M9R,2026-04-30 23:00:00,20,2026-05-01 19:00:00,19,4,5,0,-0.9659258262890684,0.2588190451025203,-0.433883739117558,-0.9009688679024191,0.8660254037844387,-0.4999999999999998,Spring,6164.047369999999,6339.63672,6154.916028,4758.869456958333,728.2130256045143,4846.893532666667,4755.1655665416665,730.0020968920763,4849.169879702381,6.3,47.0,99.28,6048
M9R,2026-04-30 23:00:00,21,2026-05-01 20:00:00,20,4,5,0,-0.8660254037844386,0.5000000000000001,-0.433883739117558,-0.9009688679024191,0.8660254037844387,-0.4999999999999998,Spring,6187.711698,6169.101135000001,6080.389007,4758.869456958333,728.2130256045143,4846.893532666667,4755.1655665416665,730.0020968920763,4849.169879702381,6.3,47.0,99.28,6048
M9R,2026-04-30 23:00:00,22,2026-05-01 21:00:00,21,4,5,0,-0.7071067811865477,0.7071067811865474,-0.433883739117558,-0.9009688679024191,0.8660254037844387,-0.4999999999999998,Spring,5674.196945,5658.450845,5632.774833,4758.869456958333,728.2130256045143,4846.893532666667,4755.1655665416665,730.0020968920763,4849.169879702381,6.3,47.0,99.28,6048
M9R,2026-04-30 23:00:00,23,2026-05-01 22:00:00,22,4,5,0,-0.5000000000000004,0.8660254037844384,-0.433883739117558,-0.9009688679024191,0.8660254037844387,-0.4999999999999998,Spring,4982.196879,4991.261376,5040.970978,4758.869456958333,728.2130256045143,4846.893532666667,4755.1655665416665,730.0020968920763,4849.169879702381,6.3,47.0,99.28,6048
M9R,2026-04-30 23:00:00,24,2026-05-01 23:00:00,23,4,5,0,-0.25881904510252157,0.9659258262890681,-0.433883739117558,-0.9009688679024191,0.8660254037844387,-0.4999999999999998,Spring,4375.067768,4463.961138,4524.2298120000005,4758.869456958333,728.2130256045143,4846.893532666667,4755.1655665416665,730.0020968920763,4849.169879702381,6.3,47.0,99.28,6048
M9W,2026-04-30 23:00:00,1,2026-05-01 00:00:00,0,4,5,0,0.0,1.0,-0.433883739117558,-0.9009688679024191,0.8660254037844387,-0.4999999999999998,Spring,10184.898378,9457.07793,9426.752932,12683.551565458334,1835.9868515007317,12537.204483434525,12683.033389375001,1836.5312895974425,12541.338397214286,6.3,47.0,99.28,11219
M9W,2026-04-30 23:00:00,2,2026-05-01 01:00:00,1,4,5,0,0.25881904510252074,0.9659258262890683,-0.433883739117558,-0.9009688679024191,0.8660254037844387,-0.4999999999999998,Spring,9704.665547,9084.00102,8926.263088,12683.551565458334,1835.9868515007317,12537.204483434525,12683.033389375001,1836.5312895974425,12541.338397214286,6.3,47.0,99.28,11219
M9W,2026-04-30 23:00:00,3,2026-05-01 02:00:00,2,4,5,0,0.49999999999999994,0.8660254037844387,-0.433883739117558,-0.9009688679024191,0.8660254037844387,-0.4999999999999998,Spring,9457.021869,8830.249823999999,8675.27763,12683.551565458334,1835.9868515007317,12537.204483434525,12683.033389375001,1836.5312895974425,12541.338397214286,6.3,47.0,99.28,11219
M9W,2026-04-30 23:00:00,4,2026-05-01 03:00:00,3,4,5,0,0.7071067811865476,0.7071067811865476,-0.433883739117558,-0.9009688679024191,0.8660254037844387,-0.4999999999999998,Spring,9594.898938,8958.915833,8802.402761,12683.551565458334,1835.9868515007317,12537.204483434525,12683.033389375001,1836.5312895974425,12541.338397214286,6.3,47.0,99.28,11219
M9W,2026-04-30 23:00:00,5,2026-05-01 04:00:00,4,4,5,0,0.8660254037844386,0.5000000000000001,-0.433883739117558,-0.9009688679024191,0.8660254037844387,-0.4999999999999998,Spring,10120.796355,9538.15662,9345.102426,12683.551565458334,1835.9868515007317,12537.204483434525,12683.033389375001,1836.5312895974425,12541.338397214286,6.3,47.0,99.28,11219
M9W,2026-04-30 23:00:00,6,2026-05-01 05:00:00,5,4,5,0,0.9659258262890683,0.25881904510252074,-0.433883739117558,-0.9009688679024191,0.8660254037844387,-0.4999999999999998,Spring,11031.736266,10318.471878,10229.811689,12683.551565458334,1835.9868515007317,12537.204483434525,12683.033389375001,1836.5312895974425,12541.338397214286,6.3,47.0,99.28,11219
M9W,2026-04-30 23:00:00,7,2026-05-01 06:00:00,6,4,5,0,1.0,6.123233995736766e-17,-0.433883739117558,-0.9009688679024191,0.8660254037844387,-0.4999999999999998,Spring,12254.601186,11477.331213,11417.430987,12683.551565458334,1835.9868515007317,12537.204483434525,12683.033389375001,1836.5312895974425,12541.338397214286,6.3,47.0,99.28,11219
M9W,2026-04-30 23:00:00,8,2026-05-01 07:00:00,7,4,5,0,0.9659258262890683,-0.25881904510252063,-0.433883739117558,-0.9009688679024191,0.8660254037844387,-0.4999999999999998,Spring,13047.066129,12469.092468,12473.453355,12683.551565458334,1835.9868515007317,12537.204483434525,12683.033389375001,1836.5312895974425,12541.338397214286,6.3,47.0,99.28,11219
M9W,2026-04-30 23:00:00,9,2026-05-01 08:00:00,8,4,5,0,0.8660254037844387,-0.4999999999999998,-0.433883739117558,-0.9009688679024191,0.8660254037844387,-0.4999999999999998,Spring,13539.363631,13356.278157,13367.210679,12683.551565458334,1835.9868515007317,12537.204483434525,12683.033389375001,1836.5312895974425,12541.338397214286,6.3,47.0,99.28,11219
M9W,2026-04-30 23:00:00,10,2026-05-01 09:00:00,9,4,5,0,0.7071067811865476,-0.7071067811865475,-0.433883739117558,-0.9009688679024191,0.8660254037844387,-0.4999999999999998,Spring,14182.348127,14053.833571,14126.070033,12683.551565458334,1835.9868515007317,12537.204483434525,12683.033389375001,1836.5312895974425,12541.338397214286,6.3,47.0,99.28,11219
M9W,2026-04-30 23:00:00,11,2026-05-01 10:00:00,10,4,5,0,0.49999999999999994,-0.8660254037844387,-0.433883739117558,-0.9009688679024191,0.8660254037844387,-0.4999999999999998,Spring,14404.032364,14569.902931,14557.393315,12683.551565458334,1835.9868515007317,12537.204483434525,12683.033389375001,1836.5312895974425,12541.338397214286,6.3,47.0,99.28,11219
M9W,2026-04-30 23:00:00,12,2026-05-01 11:00:00,11,4,5,0,0.258819045102521,-0.9659258262890682,-0.433883739117558,-0.9009688679024191,0.8660254037844387,-0.4999999999999998,Spring,14656.871391,14581.764161,14658.375509,12683.551565458334,1835.9868515007317,12537.204483434525,12683.033389375001,1836.5312895974425,12541.338397214286,6.3,47.0,99.28,11219
M9W,2026-04-30 23:00:00,13,2026-05-01 12:00:00,12,4,5,0,1.2246467991473532e-16,-1.0,-0.433883739117558,-0.9009688679024191,0.8660254037844387,-0.4999999999999998,Spring,14592.100393,14713.503775,14716.320372,12683.551565458334,1835.9868515007317,12537.204483434525,12683.033389375001,1836.5312895974425,12541.338397214286,6.3,47.0,99.28,11219
M9W,2026-04-30 23:00:00,14,2026-05-01 13:00:00,13,4,5,0,-0.2588190451025208,-0.9659258262890683,-0.433883739117558,-0.9009688679024191,0.8660254037844387,-0.4999999999999998,Spring,14231.868639,14623.767743,14247.40608,12683.551565458334,1835.9868515007317,12537.204483434525,12683.033389375001,1836.5312895974425,12541.338397214286,6.3,47.0,99.28,11219
M9W,2026-04-30 23:00:00,15,2026-05-01 14:00:00,14,4,5,0,-0.4999999999999997,-0.8660254037844388,-0.433883739117558,-0.9009688679024191,0.8660254037844387,-0.4999999999999998,Spring,14084.936522,14594.637937,13994.247247,12683.551565458334,1835.9868515007317,12537.204483434525,12683.033389375001,1836.5312895974425,12541.338397214286,6.3,47.0,99.28,11219
M9W,2026-04-30 23:00:00,16,2026-05-01 15:00:00,15,4,5,0,-0.7071067811865471,-0.7071067811865479,-0.433883739117558,-0.9009688679024191,0.8660254037844387,-0.4999999999999998,Spring,13963.228849,14649.227768,13745.679425,12683.551565458334,1835.9868515007317,12537.204483434525,12683.033389375001,1836.5312895974425,12541.338397214286,6.3,47.0,99.28,11219
M9W,2026-04-30 23:00:00,17,2026-05-01 16:00:00,16,4,5,0,-0.8660254037844385,-0.5000000000000004,-0.433883739117558,-0.9009688679024191,0.8660254037844387,-0.4999999999999998,Spring,13728.363902,14405.90239,13662.796538,12683.551565458334,1835.9868515007317,12537.204483434525,12683.033389375001,1836.5312895974425,12541.338397214286,6.3,47.0,99.28,11219
M9W,2026-04-30 23:00:00,18,2026-05-01 17:00:00,17,4,5,0,-0.9659258262890683,-0.25881904510252063,-0.433883739117558,-0.9009688679024191,0.8660254037844387,-0.4999999999999998,Spring,13520.565067,14234.989581,13326.082237,12683.551565458334,1835.9868515007317,12537.204483434525,12683.033389375001,1836.5312895974425,12541.338397214286,6.3,47.0,99.28,11219
M9W,2026-04-30 23:00:00,19,2026-05-01 18:00:00,18,4,5,0,-1.0,-1.8369701987210297e-16,-0.433883739117558,-0.9009688679024191,0.8660254037844387,-0.4999999999999998,Spring,13810.873489,14346.208523,13638.579513,12683.551565458334,1835.9868515007317,12537.204483434525,12683.033389375001,1836.5312895974425,12541.338397214286,6.3,47.0,99.28,11219
M9W,2026-04-30 23:00:00,20,2026-05-01 19:00:00,19,4,5,0,-0.9659258262890684,0.2588190451025203,-0.433883739117558,-0.9009688679024191,0.8660254037844387,-0.4999999999999998,Spring,14562.863947999998,14739.609776,14448.58434,12683.551565458334,1835.9868515007317,12537.204483434525,12683.033389375001,1836.5312895974425,12541.338397214286,6.3,47.0,99.28,11219
M9W,2026-04-30 23:00:00,21,2026-05-01 20:00:00,20,4,5,0,-0.8660254037844386,0.5000000000000001,-0.433883739117558,-0.9009688679024191,0.8660254037844387,-0.4999999999999998,Spring,14242.837695,14290.850482999998,14289.133236,12683.551565458334,1835.9868515007317,12537.204483434525,12683.033389375001,1836.5312895974425,12541.338397214286,6.3,47.0,99.28,11219
M9W,2026-04-30 23:00:00,22,2026-05-01 21:00:00,21,4,5,0,-0.7071067811865477,0.7071067811865474,-0.433883739117558,-0.9009688679024191,0.8660254037844387,-0.4999999999999998,Spring,12913.784137,13125.68163,13271.119789,12683.551565458334,1835.9868515007317,12537.204483434525,12683.033389375001,1836.5312895974425,12541.338397214286,6.3,47.0,99.28,11219
M9W,2026-04-30 23:00:00,23,2026-05-01 22:00:00,22,4,5,0,-0.5000000000000004,0.8660254037844384,-0.433883739117558,-0.9009688679024191,0.8660254037844387,-0.4999999999999998,Spring,11734.939362,11844.867265,12072.998683000002,12683.551565458334,1835.9868515007317,12537.204483434525,12683.033389375001,1836.5312895974425,12541.338397214286,6.3,47.0,99.28,11219
M9W,2026-04-30 23:00:00,24,2026-05-01 23:00:00,23,4,5,0,-0.25881904510252157,0.9659258262890681,-0.433883739117558,-0.9009688679024191,0.8660254037844387,-0.4999999999999998,Spring,10828.139161,10840.575387,11028.767696,12683.551565458334,1835.9868515007317,12537.204483434525,12683.033389375001,1836.5312895974425,12541.338397214286,6.3,47.0,99.28,11219
