fsa,forecast_origin,target_timestamp,horizon,scenario,temperature_delta_c,baseline_temperature_c,origin__Temp (°C),temperature_domain_status
L4T,2026-03-25 23:00:00,2026-03-26 00:00:00,1,-5C,-5.0,2.7,-2.3,NORMAL
M5R,2026-03-25 23:00:00,2026-03-26 00:00:00,1,-5C,-5.0,4.3,-0.7000000000000002,NORMAL
M5S,2026-03-25 23:00:00,2026-03-26 00:00:00,1,-5C,-5.0,4.3,-0.7000000000000002,NORMAL
M6G,2026-03-25 23:00:00,2026-03-26 00:00:00,1,-5C,-5.0,4.3,-0.7000000000000002,NORMAL
M9R,2026-03-25 23:00:00,2026-03-26 00:00:00,1,-5C,-5.0,2.7,-2.3,NORMAL
M9W,2026-03-25 23:00:00,2026-03-26 00:00:00,1,-5C,-5.0,2.7,-2.3,NORMAL
L4T,2026-03-25 23:00:00,2026-03-26 00:00:00,1,-2.5C,-2.5,2.7,0.20000000000000018,NORMAL
M5R,2026-03-25 23:00:00,2026-03-26 00:00:00,1,-2.5C,-2.5,4.3,1.7999999999999998,NORMAL
M5S,2026-03-25 23:00:00,2026-03-26 00:00:00,1,-2.5C,-2.5,4.3,1.7999999999999998,NORMAL
M6G,2026-03-25 23:00:00,2026-03-26 00:00:00,1,-2.5C,-2.5,4.3,1.7999999999999998,NORMAL
M9R,2026-03-25 23:00:00,2026-03-26 00:00:00,1,-2.5C,-2.5,2.7,0.20000000000000018,NORMAL
M9W,2026-03-25 23:00:00,2026-03-26 00:00:00,1,-2.5C,-2.5,2.7,0.20000000000000018,NORMAL
L4T,2026-03-25 23:00:00,2026-03-26 00:00:00,1,Baseline,0.0,2.7,2.7,NORMAL
M5R,2026-03-25 23:00:00,2026-03-26 00:00:00,1,Baseline,0.0,4.3,4.3,NORMAL
M5S,2026-03-25 23:00:00,2026-03-26 00:00:00,1,Baseline,0.0,4.3,4.3,NORMAL
M6G,2026-03-25 23:00:00,2026-03-26 00:00:00,1,Baseline,0.0,4.3,4.3,NORMAL
M9R,2026-03-25 23:00:00,2026-03-26 00:00:00,1,Baseline,0.0,2.7,2.7,NORMAL
M9W,2026-03-25 23:00:00,2026-03-26 00:00:00,1,Baseline,0.0,2.7,2.7,NORMAL
L4T,2026-03-25 23:00:00,2026-03-26 00:00:00,1,+2.5C,2.5,2.7,5.2,NORMAL
M5R,2026-03-25 23:00:00,2026-03-26 00:00:00,1,+2.5C,2.5,4.3,6.8,NORMAL
M5S,2026-03-25 23:00:00,2026-03-26 00:00:00,1,+2.5C,2.5,4.3,6.8,NORMAL
M6G,2026-03-25 23:00:00,2026-03-26 00:00:00,1,+2.5C,2.5,4.3,6.8,NORMAL
M9R,2026-03-25 23:00:00,2026-03-26 00:00:00,1,+2.5C,2.5,2.7,5.2,NORMAL
M9W,2026-03-25 23:00:00,2026-03-26 00:00:00,1,+2.5C,2.5,2.7,5.2,NORMAL
L4T,2026-03-25 23:00:00,2026-03-26 00:00:00,1,+5C,5.0,2.7,7.7,NORMAL
M5R,2026-03-25 23:00:00,2026-03-26 00:00:00,1,+5C,5.0,4.3,9.3,NORMAL
M5S,2026-03-25 23:00:00,2026-03-26 00:00:00,1,+5C,5.0,4.3,9.3,NORMAL
M6G,2026-03-25 23:00:00,2026-03-26 00:00:00,1,+5C,5.0,4.3,9.3,NORMAL
M9R,2026-03-25 23:00:00,2026-03-26 00:00:00,1,+5C,5.0,2.7,7.7,NORMAL
M9W,2026-03-25 23:00:00,2026-03-26 00:00:00,1,+5C,5.0,2.7,7.7,NORMAL
L4T,2026-03-25 23:00:00,2026-03-26 01:00:00,2,-5C,-5.0,2.7,-2.3,NORMAL
M5R,2026-03-25 23:00:00,2026-03-26 01:00:00,2,-5C,-5.0,4.3,-0.7000000000000002,NORMAL
M5S,2026-03-25 23:00:00,2026-03-26 01:00:00,2,-5C,-5.0,4.3,-0.7000000000000002,NORMAL
M6G,2026-03-25 23:00:00,2026-03-26 01:00:00,2,-5C,-5.0,4.3,-0.7000000000000002,NORMAL
M9R,2026-03-25 23:00:00,2026-03-26 01:00:00,2,-5C,-5.0,2.7,-2.3,NORMAL
M9W,2026-03-25 23:00:00,2026-03-26 01:00:00,2,-5C,-5.0,2.7,-2.3,NORMAL
L4T,2026-03-25 23:00:00,2026-03-26 01:00:00,2,-2.5C,-2.5,2.7,0.20000000000000018,NORMAL
M5R,2026-03-25 23:00:00,2026-03-26 01:00:00,2,-2.5C,-2.5,4.3,1.7999999999999998,NORMAL
M5S,2026-03-25 23:00:00,2026-03-26 01:00:00,2,-2.5C,-2.5,4.3,1.7999999999999998,NORMAL
M6G,2026-03-25 23:00:00,2026-03-26 01:00:00,2,-2.5C,-2.5,4.3,1.7999999999999998,NORMAL
M9R,2026-03-25 23:00:00,2026-03-26 01:00:00,2,-2.5C,-2.5,2.7,0.20000000000000018,NORMAL
M9W,2026-03-25 23:00:00,2026-03-26 01:00:00,2,-2.5C,-2.5,2.7,0.20000000000000018,NORMAL
L4T,2026-03-25 23:00:00,2026-03-26 01:00:00,2,Baseline,0.0,2.7,2.7,NORMAL
M5R,2026-03-25 23:00:00,2026-03-26 01:00:00,2,Baseline,0.0,4.3,4.3,NORMAL
M5S,2026-03-25 23:00:00,2026-03-26 01:00:00,2,Baseline,0.0,4.3,4.3,NORMAL
M6G,2026-03-25 23:00:00,2026-03-26 01:00:00,2,Baseline,0.0,4.3,4.3,NORMAL
M9R,2026-03-25 23:00:00,2026-03-26 01:00:00,2,Baseline,0.0,2.7,2.7,NORMAL
M9W,2026-03-25 23:00:00,2026-03-26 01:00:00,2,Baseline,0.0,2.7,2.7,NORMAL
L4T,2026-03-25 23:00:00,2026-03-26 01:00:00,2,+2.5C,2.5,2.7,5.2,NORMAL
M5R,2026-03-25 23:00:00,2026-03-26 01:00:00,2,+2.5C,2.5,4.3,6.8,NORMAL
M5S,2026-03-25 23:00:00,2026-03-26 01:00:00,2,+2.5C,2.5,4.3,6.8,NORMAL
M6G,2026-03-25 23:00:00,2026-03-26 01:00:00,2,+2.5C,2.5,4.3,6.8,NORMAL
M9R,2026-03-25 23:00:00,2026-03-26 01:00:00,2,+2.5C,2.5,2.7,5.2,NORMAL
M9W,2026-03-25 23:00:00,2026-03-26 01:00:00,2,+2.5C,2.5,2.7,5.2,NORMAL
L4T,2026-03-25 23:00:00,2026-03-26 01:00:00,2,+5C,5.0,2.7,7.7,NORMAL
M5R,2026-03-25 23:00:00,2026-03-26 01:00:00,2,+5C,5.0,4.3,9.3,NORMAL
M5S,2026-03-25 23:00:00,2026-03-26 01:00:00,2,+5C,5.0,4.3,9.3,NORMAL
M6G,2026-03-25 23:00:00,2026-03-26 01:00:00,2,+5C,5.0,4.3,9.3,NORMAL
M9R,2026-03-25 23:00:00,2026-03-26 01:00:00,2,+5C,5.0,2.7,7.7,NORMAL
M9W,2026-03-25 23:00:00,2026-03-26 01:00:00,2,+5C,5.0,2.7,7.7,NORMAL
L4T,2026-03-25 23:00:00,2026-03-26 02:00:00,3,-5C,-5.0,2.7,-2.3,NORMAL
M5R,2026-03-25 23:00:00,2026-03-26 02:00:00,3,-5C,-5.0,4.3,-0.7000000000000002,NORMAL
M5S,2026-03-25 23:00:00,2026-03-26 02:00:00,3,-5C,-5.0,4.3,-0.7000000000000002,NORMAL
M6G,2026-03-25 23:00:00,2026-03-26 02:00:00,3,-5C,-5.0,4.3,-0.7000000000000002,NORMAL
M9R,2026-03-25 23:00:00,2026-03-26 02:00:00,3,-5C,-5.0,2.7,-2.3,NORMAL
M9W,2026-03-25 23:00:00,2026-03-26 02:00:00,3,-5C,-5.0,2.7,-2.3,NORMAL
L4T,2026-03-25 23:00:00,2026-03-26 02:00:00,3,-2.5C,-2.5,2.7,0.20000000000000018,NORMAL
M5R,2026-03-25 23:00:00,2026-03-26 02:00:00,3,-2.5C,-2.5,4.3,1.7999999999999998,NORMAL
M5S,2026-03-25 23:00:00,2026-03-26 02:00:00,3,-2.5C,-2.5,4.3,1.7999999999999998,NORMAL
M6G,2026-03-25 23:00:00,2026-03-26 02:00:00,3,-2.5C,-2.5,4.3,1.7999999999999998,NORMAL
M9R,2026-03-25 23:00:00,2026-03-26 02:00:00,3,-2.5C,-2.5,2.7,0.20000000000000018,NORMAL
M9W,2026-03-25 23:00:00,2026-03-26 02:00:00,3,-2.5C,-2.5,2.7,0.20000000000000018,NORMAL
L4T,2026-03-25 23:00:00,2026-03-26 02:00:00,3,Baseline,0.0,2.7,2.7,NORMAL
M5R,2026-03-25 23:00:00,2026-03-26 02:00:00,3,Baseline,0.0,4.3,4.3,NORMAL
M5S,2026-03-25 23:00:00,2026-03-26 02:00:00,3,Baseline,0.0,4.3,4.3,NORMAL
M6G,2026-03-25 23:00:00,2026-03-26 02:00:00,3,Baseline,0.0,4.3,4.3,NORMAL
M9R,2026-03-25 23:00:00,2026-03-26 02:00:00,3,Baseline,0.0,2.7,2.7,NORMAL
M9W,2026-03-25 23:00:00,2026-03-26 02:00:00,3,Baseline,0.0,2.7,2.7,NORMAL
L4T,2026-03-25 23:00:00,2026-03-26 02:00:00,3,+2.5C,2.5,2.7,5.2,NORMAL
M5R,2026-03-25 23:00:00,2026-03-26 02:00:00,3,+2.5C,2.5,4.3,6.8,NORMAL
M5S,2026-03-25 23:00:00,2026-03-26 02:00:00,3,+2.5C,2.5,4.3,6.8,NORMAL
M6G,2026-03-25 23:00:00,2026-03-26 02:00:00,3,+2.5C,2.5,4.3,6.8,NORMAL
M9R,2026-03-25 23:00:00,2026-03-26 02:00:00,3,+2.5C,2.5,2.7,5.2,NORMAL
M9W,2026-03-25 23:00:00,2026-03-26 02:00:00,3,+2.5C,2.5,2.7,5.2,NORMAL
L4T,2026-03-25 23:00:00,2026-03-26 02:00:00,3,+5C,5.0,2.7,7.7,NORMAL
M5R,2026-03-25 23:00:00,2026-03-26 02:00:00,3,+5C,5.0,4.3,9.3,NORMAL
M5S,2026-03-25 23:00:00,2026-03-26 02:00:00,3,+5C,5.0,4.3,9.3,NORMAL
M6G,2026-03-25 23:00:00,2026-03-26 02:00:00,3,+5C,5.0,4.3,9.3,NORMAL
M9R,2026-03-25 23:00:00,2026-03-26 02:00:00,3,+5C,5.0,2.7,7.7,NORMAL
M9W,2026-03-25 23:00:00,2026-03-26 02:00:00,3,+5C,5.0,2.7,7.7,NORMAL
L4T,2026-03-25 23:00:00,2026-03-26 03:00:00,4,-5C,-5.0,2.7,-2.3,NORMAL
M5R,2026-03-25 23:00:00,2026-03-26 03:00:00,4,-5C,-5.0,4.3,-0.7000000000000002,NORMAL
M5S,2026-03-25 23:00:00,2026-03-26 03:00:00,4,-5C,-5.0,4.3,-0.7000000000000002,NORMAL
M6G,2026-03-25 23:00:00,2026-03-26 03:00:00,4,-5C,-5.0,4.3,-0.7000000000000002,NORMAL
M9R,2026-03-25 23:00:00,2026-03-26 03:00:00,4,-5C,-5.0,2.7,-2.3,NORMAL
M9W,2026-03-25 23:00:00,2026-03-26 03:00:00,4,-5C,-5.0,2.7,-2.3,NORMAL
L4T,2026-03-25 23:00:00,2026-03-26 03:00:00,4,-2.5C,-2.5,2.7,0.20000000000000018,NORMAL
M5R,2026-03-25 23:00:00,2026-03-26 03:00:00,4,-2.5C,-2.5,4.3,1.7999999999999998,NORMAL
M5S,2026-03-25 23:00:00,2026-03-26 03:00:00,4,-2.5C,-2.5,4.3,1.7999999999999998,NORMAL
M6G,2026-03-25 23:00:00,2026-03-26 03:00:00,4,-2.5C,-2.5,4.3,1.7999999999999998,NORMAL
M9R,2026-03-25 23:00:00,2026-03-26 03:00:00,4,-2.5C,-2.5,2.7,0.20000000000000018,NORMAL
M9W,2026-03-25 23:00:00,2026-03-26 03:00:00,4,-2.5C,-2.5,2.7,0.20000000000000018,NORMAL
L4T,2026-03-25 23:00:00,2026-03-26 03:00:00,4,Baseline,0.0,2.7,2.7,NORMAL
M5R,2026-03-25 23:00:00,2026-03-26 03:00:00,4,Baseline,0.0,4.3,4.3,NORMAL
M5S,2026-03-25 23:00:00,2026-03-26 03:00:00,4,Baseline,0.0,4.3,4.3,NORMAL
M6G,2026-03-25 23:00:00,2026-03-26 03:00:00,4,Baseline,0.0,4.3,4.3,NORMAL
M9R,2026-03-25 23:00:00,2026-03-26 03:00:00,4,Baseline,0.0,2.7,2.7,NORMAL
M9W,2026-03-25 23:00:00,2026-03-26 03:00:00,4,Baseline,0.0,2.7,2.7,NORMAL
L4T,2026-03-25 23:00:00,2026-03-26 03:00:00,4,+2.5C,2.5,2.7,5.2,NORMAL
M5R,2026-03-25 23:00:00,2026-03-26 03:00:00,4,+2.5C,2.5,4.3,6.8,NORMAL
M5S,2026-03-25 23:00:00,2026-03-26 03:00:00,4,+2.5C,2.5,4.3,6.8,NORMAL
M6G,2026-03-25 23:00:00,2026-03-26 03:00:00,4,+2.5C,2.5,4.3,6.8,NORMAL
M9R,2026-03-25 23:00:00,2026-03-26 03:00:00,4,+2.5C,2.5,2.7,5.2,NORMAL
M9W,2026-03-25 23:00:00,2026-03-26 03:00:00,4,+2.5C,2.5,2.7,5.2,NORMAL
L4T,2026-03-25 23:00:00,2026-03-26 03:00:00,4,+5C,5.0,2.7,7.7,NORMAL
M5R,2026-03-25 23:00:00,2026-03-26 03:00:00,4,+5C,5.0,4.3,9.3,NORMAL
M5S,2026-03-25 23:00:00,2026-03-26 03:00:00,4,+5C,5.0,4.3,9.3,NORMAL
M6G,2026-03-25 23:00:00,2026-03-26 03:00:00,4,+5C,5.0,4.3,9.3,NORMAL
M9R,2026-03-25 23:00:00,2026-03-26 03:00:00,4,+5C,5.0,2.7,7.7,NORMAL
M9W,2026-03-25 23:00:00,2026-03-26 03:00:00,4,+5C,5.0,2.7,7.7,NORMAL
L4T,2026-03-25 23:00:00,2026-03-26 04:00:00,5,-5C,-5.0,2.7,-2.3,NORMAL
M5R,2026-03-25 23:00:00,2026-03-26 04:00:00,5,-5C,-5.0,4.3,-0.7000000000000002,NORMAL
M5S,2026-03-25 23:00:00,2026-03-26 04:00:00,5,-5C,-5.0,4.3,-0.7000000000000002,NORMAL
M6G,2026-03-25 23:00:00,2026-03-26 04:00:00,5,-5C,-5.0,4.3,-0.7000000000000002,NORMAL
M9R,2026-03-25 23:00:00,2026-03-26 04:00:00,5,-5C,-5.0,2.7,-2.3,NORMAL
M9W,2026-03-25 23:00:00,2026-03-26 04:00:00,5,-5C,-5.0,2.7,-2.3,NORMAL
L4T,2026-03-25 23:00:00,2026-03-26 04:00:00,5,-2.5C,-2.5,2.7,0.20000000000000018,NORMAL
M5R,2026-03-25 23:00:00,2026-03-26 04:00:00,5,-2.5C,-2.5,4.3,1.7999999999999998,NORMAL
M5S,2026-03-25 23:00:00,2026-03-26 04:00:00,5,-2.5C,-2.5,4.3,1.7999999999999998,NORMAL
M6G,2026-03-25 23:00:00,2026-03-26 04:00:00,5,-2.5C,-2.5,4.3,1.7999999999999998,NORMAL
M9R,2026-03-25 23:00:00,2026-03-26 04:00:00,5,-2.5C,-2.5,2.7,0.20000000000000018,NORMAL
M9W,2026-03-25 23:00:00,2026-03-26 04:00:00,5,-2.5C,-2.5,2.7,0.20000000000000018,NORMAL
L4T,2026-03-25 23:00:00,2026-03-26 04:00:00,5,Baseline,0.0,2.7,2.7,NORMAL
M5R,2026-03-25 23:00:00,2026-03-26 04:00:00,5,Baseline,0.0,4.3,4.3,NORMAL
M5S,2026-03-25 23:00:00,2026-03-26 04:00:00,5,Baseline,0.0,4.3,4.3,NORMAL
M6G,2026-03-25 23:00:00,2026-03-26 04:00:00,5,Baseline,0.0,4.3,4.3,NORMAL
M9R,2026-03-25 23:00:00,2026-03-26 04:00:00,5,Baseline,0.0,2.7,2.7,NORMAL
M9W,2026-03-25 23:00:00,2026-03-26 04:00:00,5,Baseline,0.0,2.7,2.7,NORMAL
L4T,2026-03-25 23:00:00,2026-03-26 04:00:00,5,+2.5C,2.5,2.7,5.2,NORMAL
M5R,2026-03-25 23:00:00,2026-03-26 04:00:00,5,+2.5C,2.5,4.3,6.8,NORMAL
M5S,2026-03-25 23:00:00,2026-03-26 04:00:00,5,+2.5C,2.5,4.3,6.8,NORMAL
M6G,2026-03-25 23:00:00,2026-03-26 04:00:00,5,+2.5C,2.5,4.3,6.8,NORMAL
M9R,2026-03-25 23:00:00,2026-03-26 04:00:00,5,+2.5C,2.5,2.7,5.2,NORMAL
M9W,2026-03-25 23:00:00,2026-03-26 04:00:00,5,+2.5C,2.5,2.7,5.2,NORMAL
L4T,2026-03-25 23:00:00,2026-03-26 04:00:00,5,+5C,5.0,2.7,7.7,NORMAL
M5R,2026-03-25 23:00:00,2026-03-26 04:00:00,5,+5C,5.0,4.3,9.3,NORMAL
M5S,2026-03-25 23:00:00,2026-03-26 04:00:00,5,+5C,5.0,4.3,9.3,NORMAL
M6G,2026-03-25 23:00:00,2026-03-26 04:00:00,5,+5C,5.0,4.3,9.3,NORMAL
M9R,2026-03-25 23:00:00,2026-03-26 04:00:00,5,+5C,5.0,2.7,7.7,NORMAL
M9W,2026-03-25 23:00:00,2026-03-26 04:00:00,5,+5C,5.0,2.7,7.7,NORMAL
L4T,2026-03-25 23:00:00,2026-03-26 05:00:00,6,-5C,-5.0,2.7,-2.3,NORMAL
M5R,2026-03-25 23:00:00,2026-03-26 05:00:00,6,-5C,-5.0,4.3,-0.7000000000000002,NORMAL
M5S,2026-03-25 23:00:00,2026-03-26 05:00:00,6,-5C,-5.0,4.3,-0.7000000000000002,NORMAL
M6G,2026-03-25 23:00:00,2026-03-26 05:00:00,6,-5C,-5.0,4.3,-0.7000000000000002,NORMAL
M9R,2026-03-25 23:00:00,2026-03-26 05:00:00,6,-5C,-5.0,2.7,-2.3,NORMAL
M9W,2026-03-25 23:00:00,2026-03-26 05:00:00,6,-5C,-5.0,2.7,-2.3,NORMAL
L4T,2026-03-25 23:00:00,2026-03-26 05:00:00,6,-2.5C,-2.5,2.7,0.20000000000000018,NORMAL
M5R,2026-03-25 23:00:00,2026-03-26 05:00:00,6,-2.5C,-2.5,4.3,1.7999999999999998,NORMAL
M5S,2026-03-25 23:00:00,2026-03-26 05:00:00,6,-2.5C,-2.5,4.3,1.7999999999999998,NORMAL
M6G,2026-03-25 23:00:00,2026-03-26 05:00:00,6,-2.5C,-2.5,4.3,1.7999999999999998,NORMAL
M9R,2026-03-25 23:00:00,2026-03-26 05:00:00,6,-2.5C,-2.5,2.7,0.20000000000000018,NORMAL
M9W,2026-03-25 23:00:00,2026-03-26 05:00:00,6,-2.5C,-2.5,2.7,0.20000000000000018,NORMAL
L4T,2026-03-25 23:00:00,2026-03-26 05:00:00,6,Baseline,0.0,2.7,2.7,NORMAL
M5R,2026-03-25 23:00:00,2026-03-26 05:00:00,6,Baseline,0.0,4.3,4.3,NORMAL
M5S,2026-03-25 23:00:00,2026-03-26 05:00:00,6,Baseline,0.0,4.3,4.3,NORMAL
M6G,2026-03-25 23:00:00,2026-03-26 05:00:00,6,Baseline,0.0,4.3,4.3,NORMAL
M9R,2026-03-25 23:00:00,2026-03-26 05:00:00,6,Baseline,0.0,2.7,2.7,NORMAL
M9W,2026-03-25 23:00:00,2026-03-26 05:00:00,6,Baseline,0.0,2.7,2.7,NORMAL
L4T,2026-03-25 23:00:00,2026-03-26 05:00:00,6,+2.5C,2.5,2.7,5.2,NORMAL
M5R,2026-03-25 23:00:00,2026-03-26 05:00:00,6,+2.5C,2.5,4.3,6.8,NORMAL
M5S,2026-03-25 23:00:00,2026-03-26 05:00:00,6,+2.5C,2.5,4.3,6.8,NORMAL
M6G,2026-03-25 23:00:00,2026-03-26 05:00:00,6,+2.5C,2.5,4.3,6.8,NORMAL
M9R,2026-03-25 23:00:00,2026-03-26 05:00:00,6,+2.5C,2.5,2.7,5.2,NORMAL
M9W,2026-03-25 23:00:00,2026-03-26 05:00:00,6,+2.5C,2.5,2.7,5.2,NORMAL
L4T,2026-03-25 23:00:00,2026-03-26 05:00:00,6,+5C,5.0,2.7,7.7,NORMAL
M5R,2026-03-25 23:00:00,2026-03-26 05:00:00,6,+5C,5.0,4.3,9.3,NORMAL
M5S,2026-03-25 23:00:00,2026-03-26 05:00:00,6,+5C,5.0,4.3,9.3,NORMAL
M6G,2026-03-25 23:00:00,2026-03-26 05:00:00,6,+5C,5.0,4.3,9.3,NORMAL
M9R,2026-03-25 23:00:00,2026-03-26 05:00:00,6,+5C,5.0,2.7,7.7,NORMAL
M9W,2026-03-25 23:00:00,2026-03-26 05:00:00,6,+5C,5.0,2.7,7.7,NORMAL
L4T,2026-03-25 23:00:00,2026-03-26 06:00:00,7,-5C,-5.0,2.7,-2.3,NORMAL
M5R,2026-03-25 23:00:00,2026-03-26 06:00:00,7,-5C,-5.0,4.3,-0.7000000000000002,NORMAL
M5S,2026-03-25 23:00:00,2026-03-26 06:00:00,7,-5C,-5.0,4.3,-0.7000000000000002,NORMAL
M6G,2026-03-25 23:00:00,2026-03-26 06:00:00,7,-5C,-5.0,4.3,-0.7000000000000002,NORMAL
M9R,2026-03-25 23:00:00,2026-03-26 06:00:00,7,-5C,-5.0,2.7,-2.3,NORMAL
M9W,2026-03-25 23:00:00,2026-03-26 06:00:00,7,-5C,-5.0,2.7,-2.3,NORMAL
L4T,2026-03-25 23:00:00,2026-03-26 06:00:00,7,-2.5C,-2.5,2.7,0.20000000000000018,NORMAL
M5R,2026-03-25 23:00:00,2026-03-26 06:00:00,7,-2.5C,-2.5,4.3,1.7999999999999998,NORMAL
M5S,2026-03-25 23:00:00,2026-03-26 06:00:00,7,-2.5C,-2.5,4.3,1.7999999999999998,NORMAL
M6G,2026-03-25 23:00:00,2026-03-26 06:00:00,7,-2.5C,-2.5,4.3,1.7999999999999998,NORMAL
M9R,2026-03-25 23:00:00,2026-03-26 06:00:00,7,-2.5C,-2.5,2.7,0.20000000000000018,NORMAL
M9W,2026-03-25 23:00:00,2026-03-26 06:00:00,7,-2.5C,-2.5,2.7,0.20000000000000018,NORMAL
L4T,2026-03-25 23:00:00,2026-03-26 06:00:00,7,Baseline,0.0,2.7,2.7,NORMAL
M5R,2026-03-25 23:00:00,2026-03-26 06:00:00,7,Baseline,0.0,4.3,4.3,NORMAL
M5S,2026-03-25 23:00:00,2026-03-26 06:00:00,7,Baseline,0.0,4.3,4.3,NORMAL
M6G,2026-03-25 23:00:00,2026-03-26 06:00:00,7,Baseline,0.0,4.3,4.3,NORMAL
M9R,2026-03-25 23:00:00,2026-03-26 06:00:00,7,Baseline,0.0,2.7,2.7,NORMAL
M9W,2026-03-25 23:00:00,2026-03-26 06:00:00,7,Baseline,0.0,2.7,2.7,NORMAL
L4T,2026-03-25 23:00:00,2026-03-26 06:00:00,7,+2.5C,2.5,2.7,5.2,NORMAL
M5R,2026-03-25 23:00:00,2026-03-26 06:00:00,7,+2.5C,2.5,4.3,6.8,NORMAL
M5S,2026-03-25 23:00:00,2026-03-26 06:00:00,7,+2.5C,2.5,4.3,6.8,NORMAL
M6G,2026-03-25 23:00:00,2026-03-26 06:00:00,7,+2.5C,2.5,4.3,6.8,NORMAL
M9R,2026-03-25 23:00:00,2026-03-26 06:00:00,7,+2.5C,2.5,2.7,5.2,NORMAL
M9W,2026-03-25 23:00:00,2026-03-26 06:00:00,7,+2.5C,2.5,2.7,5.2,NORMAL
L4T,2026-03-25 23:00:00,2026-03-26 06:00:00,7,+5C,5.0,2.7,7.7,NORMAL
M5R,2026-03-25 23:00:00,2026-03-26 06:00:00,7,+5C,5.0,4.3,9.3,NORMAL
M5S,2026-03-25 23:00:00,2026-03-26 06:00:00,7,+5C,5.0,4.3,9.3,NORMAL
M6G,2026-03-25 23:00:00,2026-03-26 06:00:00,7,+5C,5.0,4.3,9.3,NORMAL
M9R,2026-03-25 23:00:00,2026-03-26 06:00:00,7,+5C,5.0,2.7,7.7,NORMAL
M9W,2026-03-25 23:00:00,2026-03-26 06:00:00,7,+5C,5.0,2.7,7.7,NORMAL
L4T,2026-03-25 23:00:00,2026-03-26 07:00:00,8,-5C,-5.0,2.7,-2.3,NORMAL
M5R,2026-03-25 23:00:00,2026-03-26 07:00:00,8,-5C,-5.0,4.3,-0.7000000000000002,NORMAL
M5S,2026-03-25 23:00:00,2026-03-26 07:00:00,8,-5C,-5.0,4.3,-0.7000000000000002,NORMAL
M6G,2026-03-25 23:00:00,2026-03-26 07:00:00,8,-5C,-5.0,4.3,-0.7000000000000002,NORMAL
M9R,2026-03-25 23:00:00,2026-03-26 07:00:00,8,-5C,-5.0,2.7,-2.3,NORMAL
M9W,2026-03-25 23:00:00,2026-03-26 07:00:00,8,-5C,-5.0,2.7,-2.3,NORMAL
L4T,2026-03-25 23:00:00,2026-03-26 07:00:00,8,-2.5C,-2.5,2.7,0.20000000000000018,NORMAL
M5R,2026-03-25 23:00:00,2026-03-26 07:00:00,8,-2.5C,-2.5,4.3,1.7999999999999998,NORMAL
M5S,2026-03-25 23:00:00,2026-03-26 07:00:00,8,-2.5C,-2.5,4.3,1.7999999999999998,NORMAL
M6G,2026-03-25 23:00:00,2026-03-26 07:00:00,8,-2.5C,-2.5,4.3,1.7999999999999998,NORMAL
M9R,2026-03-25 23:00:00,2026-03-26 07:00:00,8,-2.5C,-2.5,2.7,0.20000000000000018,NORMAL
M9W,2026-03-25 23:00:00,2026-03-26 07:00:00,8,-2.5C,-2.5,2.7,0.20000000000000018,NORMAL
L4T,2026-03-25 23:00:00,2026-03-26 07:00:00,8,Baseline,0.0,2.7,2.7,NORMAL
M5R,2026-03-25 23:00:00,2026-03-26 07:00:00,8,Baseline,0.0,4.3,4.3,NORMAL
M5S,2026-03-25 23:00:00,2026-03-26 07:00:00,8,Baseline,0.0,4.3,4.3,NORMAL
M6G,2026-03-25 23:00:00,2026-03-26 07:00:00,8,Baseline,0.0,4.3,4.3,NORMAL
M9R,2026-03-25 23:00:00,2026-03-26 07:00:00,8,Baseline,0.0,2.7,2.7,NORMAL
M9W,2026-03-25 23:00:00,2026-03-26 07:00:00,8,Baseline,0.0,2.7,2.7,NORMAL
L4T,2026-03-25 23:00:00,2026-03-26 07:00:00,8,+2.5C,2.5,2.7,5.2,NORMAL
M5R,2026-03-25 23:00:00,2026-03-26 07:00:00,8,+2.5C,2.5,4.3,6.8,NORMAL
M5S,2026-03-25 23:00:00,2026-03-26 07:00:00,8,+2.5C,2.5,4.3,6.8,NORMAL
M6G,2026-03-25 23:00:00,2026-03-26 07:00:00,8,+2.5C,2.5,4.3,6.8,NORMAL
M9R,2026-03-25 23:00:00,2026-03-26 07:00:00,8,+2.5C,2.5,2.7,5.2,NORMAL
M9W,2026-03-25 23:00:00,2026-03-26 07:00:00,8,+2.5C,2.5,2.7,5.2,NORMAL
L4T,2026-03-25 23:00:00,2026-03-26 07:00:00,8,+5C,5.0,2.7,7.7,NORMAL
M5R,2026-03-25 23:00:00,2026-03-26 07:00:00,8,+5C,5.0,4.3,9.3,NORMAL
M5S,2026-03-25 23:00:00,2026-03-26 07:00:00,8,+5C,5.0,4.3,9.3,NORMAL
M6G,2026-03-25 23:00:00,2026-03-26 07:00:00,8,+5C,5.0,4.3,9.3,NORMAL
M9R,2026-03-25 23:00:00,2026-03-26 07:00:00,8,+5C,5.0,2.7,7.7,NORMAL
M9W,2026-03-25 23:00:00,2026-03-26 07:00:00,8,+5C,5.0,2.7,7.7,NORMAL
L4T,2026-03-25 23:00:00,2026-03-26 08:00:00,9,-5C,-5.0,2.7,-2.3,NORMAL
M5R,2026-03-25 23:00:00,2026-03-26 08:00:00,9,-5C,-5.0,4.3,-0.7000000000000002,NORMAL
M5S,2026-03-25 23:00:00,2026-03-26 08:00:00,9,-5C,-5.0,4.3,-0.7000000000000002,NORMAL
M6G,2026-03-25 23:00:00,2026-03-26 08:00:00,9,-5C,-5.0,4.3,-0.7000000000000002,NORMAL
M9R,2026-03-25 23:00:00,2026-03-26 08:00:00,9,-5C,-5.0,2.7,-2.3,NORMAL
M9W,2026-03-25 23:00:00,2026-03-26 08:00:00,9,-5C,-5.0,2.7,-2.3,NORMAL
L4T,2026-03-25 23:00:00,2026-03-26 08:00:00,9,-2.5C,-2.5,2.7,0.20000000000000018,NORMAL
M5R,2026-03-25 23:00:00,2026-03-26 08:00:00,9,-2.5C,-2.5,4.3,1.7999999999999998,NORMAL
M5S,2026-03-25 23:00:00,2026-03-26 08:00:00,9,-2.5C,-2.5,4.3,1.7999999999999998,NORMAL
M6G,2026-03-25 23:00:00,2026-03-26 08:00:00,9,-2.5C,-2.5,4.3,1.7999999999999998,NORMAL
M9R,2026-03-25 23:00:00,2026-03-26 08:00:00,9,-2.5C,-2.5,2.7,0.20000000000000018,NORMAL
M9W,2026-03-25 23:00:00,2026-03-26 08:00:00,9,-2.5C,-2.5,2.7,0.20000000000000018,NORMAL
L4T,2026-03-25 23:00:00,2026-03-26 08:00:00,9,Baseline,0.0,2.7,2.7,NORMAL
M5R,2026-03-25 23:00:00,2026-03-26 08:00:00,9,Baseline,0.0,4.3,4.3,NORMAL
M5S,2026-03-25 23:00:00,2026-03-26 08:00:00,9,Baseline,0.0,4.3,4.3,NORMAL
M6G,2026-03-25 23:00:00,2026-03-26 08:00:00,9,Baseline,0.0,4.3,4.3,NORMAL
M9R,2026-03-25 23:00:00,2026-03-26 08:00:00,9,Baseline,0.0,2.7,2.7,NORMAL
M9W,2026-03-25 23:00:00,2026-03-26 08:00:00,9,Baseline,0.0,2.7,2.7,NORMAL
L4T,2026-03-25 23:00:00,2026-03-26 08:00:00,9,+2.5C,2.5,2.7,5.2,NORMAL
M5R,2026-03-25 23:00:00,2026-03-26 08:00:00,9,+2.5C,2.5,4.3,6.8,NORMAL
M5S,2026-03-25 23:00:00,2026-03-26 08:00:00,9,+2.5C,2.5,4.3,6.8,NORMAL
M6G,2026-03-25 23:00:00,2026-03-26 08:00:00,9,+2.5C,2.5,4.3,6.8,NORMAL
M9R,2026-03-25 23:00:00,2026-03-26 08:00:00,9,+2.5C,2.5,2.7,5.2,NORMAL
M9W,2026-03-25 23:00:00,2026-03-26 08:00:00,9,+2.5C,2.5,2.7,5.2,NORMAL
L4T,2026-03-25 23:00:00,2026-03-26 08:00:00,9,+5C,5.0,2.7,7.7,NORMAL
M5R,2026-03-25 23:00:00,2026-03-26 08:00:00,9,+5C,5.0,4.3,9.3,NORMAL
M5S,2026-03-25 23:00:00,2026-03-26 08:00:00,9,+5C,5.0,4.3,9.3,NORMAL
M6G,2026-03-25 23:00:00,2026-03-26 08:00:00,9,+5C,5.0,4.3,9.3,NORMAL
M9R,2026-03-25 23:00:00,2026-03-26 08:00:00,9,+5C,5.0,2.7,7.7,NORMAL
M9W,2026-03-25 23:00:00,2026-03-26 08:00:00,9,+5C,5.0,2.7,7.7,NORMAL
L4T,2026-03-25 23:00:00,2026-03-26 09:00:00,10,-5C,-5.0,2.7,-2.3,NORMAL
M5R,2026-03-25 23:00:00,2026-03-26 09:00:00,10,-5C,-5.0,4.3,-0.7000000000000002,NORMAL
M5S,2026-03-25 23:00:00,2026-03-26 09:00:00,10,-5C,-5.0,4.3,-0.7000000000000002,NORMAL
M6G,2026-03-25 23:00:00,2026-03-26 09:00:00,10,-5C,-5.0,4.3,-0.7000000000000002,NORMAL
M9R,2026-03-25 23:00:00,2026-03-26 09:00:00,10,-5C,-5.0,2.7,-2.3,NORMAL
M9W,2026-03-25 23:00:00,2026-03-26 09:00:00,10,-5C,-5.0,2.7,-2.3,NORMAL
L4T,2026-03-25 23:00:00,2026-03-26 09:00:00,10,-2.5C,-2.5,2.7,0.20000000000000018,NORMAL
M5R,2026-03-25 23:00:00,2026-03-26 09:00:00,10,-2.5C,-2.5,4.3,1.7999999999999998,NORMAL
M5S,2026-03-25 23:00:00,2026-03-26 09:00:00,10,-2.5C,-2.5,4.3,1.7999999999999998,NORMAL
M6G,2026-03-25 23:00:00,2026-03-26 09:00:00,10,-2.5C,-2.5,4.3,1.7999999999999998,NORMAL
M9R,2026-03-25 23:00:00,2026-03-26 09:00:00,10,-2.5C,-2.5,2.7,0.20000000000000018,NORMAL
M9W,2026-03-25 23:00:00,2026-03-26 09:00:00,10,-2.5C,-2.5,2.7,0.20000000000000018,NORMAL
L4T,2026-03-25 23:00:00,2026-03-26 09:00:00,10,Baseline,0.0,2.7,2.7,NORMAL
M5R,2026-03-25 23:00:00,2026-03-26 09:00:00,10,Baseline,0.0,4.3,4.3,NORMAL
M5S,2026-03-25 23:00:00,2026-03-26 09:00:00,10,Baseline,0.0,4.3,4.3,NORMAL
M6G,2026-03-25 23:00:00,2026-03-26 09:00:00,10,Baseline,0.0,4.3,4.3,NORMAL
M9R,2026-03-25 23:00:00,2026-03-26 09:00:00,10,Baseline,0.0,2.7,2.7,NORMAL
M9W,2026-03-25 23:00:00,2026-03-26 09:00:00,10,Baseline,0.0,2.7,2.7,NORMAL
L4T,2026-03-25 23:00:00,2026-03-26 09:00:00,10,+2.5C,2.5,2.7,5.2,NORMAL
M5R,2026-03-25 23:00:00,2026-03-26 09:00:00,10,+2.5C,2.5,4.3,6.8,NORMAL
M5S,2026-03-25 23:00:00,2026-03-26 09:00:00,10,+2.5C,2.5,4.3,6.8,NORMAL
M6G,2026-03-25 23:00:00,2026-03-26 09:00:00,10,+2.5C,2.5,4.3,6.8,NORMAL
M9R,2026-03-25 23:00:00,2026-03-26 09:00:00,10,+2.5C,2.5,2.7,5.2,NORMAL
M9W,2026-03-25 23:00:00,2026-03-26 09:00:00,10,+2.5C,2.5,2.7,5.2,NORMAL
L4T,2026-03-25 23:00:00,2026-03-26 09:00:00,10,+5C,5.0,2.7,7.7,NORMAL
M5R,2026-03-25 23:00:00,2026-03-26 09:00:00,10,+5C,5.0,4.3,9.3,NORMAL
M5S,2026-03-25 23:00:00,2026-03-26 09:00:00,10,+5C,5.0,4.3,9.3,NORMAL
M6G,2026-03-25 23:00:00,2026-03-26 09:00:00,10,+5C,5.0,4.3,9.3,NORMAL
M9R,2026-03-25 23:00:00,2026-03-26 09:00:00,10,+5C,5.0,2.7,7.7,NORMAL
M9W,2026-03-25 23:00:00,2026-03-26 09:00:00,10,+5C,5.0,2.7,7.7,NORMAL
L4T,2026-03-25 23:00:00,2026-03-26 10:00:00,11,-5C,-5.0,2.7,-2.3,NORMAL
M5R,2026-03-25 23:00:00,2026-03-26 10:00:00,11,-5C,-5.0,4.3,-0.7000000000000002,NORMAL
M5S,2026-03-25 23:00:00,2026-03-26 10:00:00,11,-5C,-5.0,4.3,-0.7000000000000002,NORMAL
M6G,2026-03-25 23:00:00,2026-03-26 10:00:00,11,-5C,-5.0,4.3,-0.7000000000000002,NORMAL
M9R,2026-03-25 23:00:00,2026-03-26 10:00:00,11,-5C,-5.0,2.7,-2.3,NORMAL
M9W,2026-03-25 23:00:00,2026-03-26 10:00:00,11,-5C,-5.0,2.7,-2.3,NORMAL
L4T,2026-03-25 23:00:00,2026-03-26 10:00:00,11,-2.5C,-2.5,2.7,0.20000000000000018,NORMAL
M5R,2026-03-25 23:00:00,2026-03-26 10:00:00,11,-2.5C,-2.5,4.3,1.7999999999999998,NORMAL
M5S,2026-03-25 23:00:00,2026-03-26 10:00:00,11,-2.5C,-2.5,4.3,1.7999999999999998,NORMAL
M6G,2026-03-25 23:00:00,2026-03-26 10:00:00,11,-2.5C,-2.5,4.3,1.7999999999999998,NORMAL
M9R,2026-03-25 23:00:00,2026-03-26 10:00:00,11,-2.5C,-2.5,2.7,0.20000000000000018,NORMAL
M9W,2026-03-25 23:00:00,2026-03-26 10:00:00,11,-2.5C,-2.5,2.7,0.20000000000000018,NORMAL
L4T,2026-03-25 23:00:00,2026-03-26 10:00:00,11,Baseline,0.0,2.7,2.7,NORMAL
M5R,2026-03-25 23:00:00,2026-03-26 10:00:00,11,Baseline,0.0,4.3,4.3,NORMAL
M5S,2026-03-25 23:00:00,2026-03-26 10:00:00,11,Baseline,0.0,4.3,4.3,NORMAL
M6G,2026-03-25 23:00:00,2026-03-26 10:00:00,11,Baseline,0.0,4.3,4.3,NORMAL
M9R,2026-03-25 23:00:00,2026-03-26 10:00:00,11,Baseline,0.0,2.7,2.7,NORMAL
M9W,2026-03-25 23:00:00,2026-03-26 10:00:00,11,Baseline,0.0,2.7,2.7,NORMAL
L4T,2026-03-25 23:00:00,2026-03-26 10:00:00,11,+2.5C,2.5,2.7,5.2,NORMAL
M5R,2026-03-25 23:00:00,2026-03-26 10:00:00,11,+2.5C,2.5,4.3,6.8,NORMAL
M5S,2026-03-25 23:00:00,2026-03-26 10:00:00,11,+2.5C,2.5,4.3,6.8,NORMAL
M6G,2026-03-25 23:00:00,2026-03-26 10:00:00,11,+2.5C,2.5,4.3,6.8,NORMAL
M9R,2026-03-25 23:00:00,2026-03-26 10:00:00,11,+2.5C,2.5,2.7,5.2,NORMAL
M9W,2026-03-25 23:00:00,2026-03-26 10:00:00,11,+2.5C,2.5,2.7,5.2,NORMAL
L4T,2026-03-25 23:00:00,2026-03-26 10:00:00,11,+5C,5.0,2.7,7.7,NORMAL
M5R,2026-03-25 23:00:00,2026-03-26 10:00:00,11,+5C,5.0,4.3,9.3,NORMAL
M5S,2026-03-25 23:00:00,2026-03-26 10:00:00,11,+5C,5.0,4.3,9.3,NORMAL
M6G,2026-03-25 23:00:00,2026-03-26 10:00:00,11,+5C,5.0,4.3,9.3,NORMAL
M9R,2026-03-25 23:00:00,2026-03-26 10:00:00,11,+5C,5.0,2.7,7.7,NORMAL
M9W,2026-03-25 23:00:00,2026-03-26 10:00:00,11,+5C,5.0,2.7,7.7,NORMAL
L4T,2026-03-25 23:00:00,2026-03-26 11:00:00,12,-5C,-5.0,2.7,-2.3,NORMAL
M5R,2026-03-25 23:00:00,2026-03-26 11:00:00,12,-5C,-5.0,4.3,-0.7000000000000002,NORMAL
M5S,2026-03-25 23:00:00,2026-03-26 11:00:00,12,-5C,-5.0,4.3,-0.7000000000000002,NORMAL
M6G,2026-03-25 23:00:00,2026-03-26 11:00:00,12,-5C,-5.0,4.3,-0.7000000000000002,NORMAL
M9R,2026-03-25 23:00:00,2026-03-26 11:00:00,12,-5C,-5.0,2.7,-2.3,NORMAL
M9W,2026-03-25 23:00:00,2026-03-26 11:00:00,12,-5C,-5.0,2.7,-2.3,NORMAL
L4T,2026-03-25 23:00:00,2026-03-26 11:00:00,12,-2.5C,-2.5,2.7,0.20000000000000018,NORMAL
M5R,2026-03-25 23:00:00,2026-03-26 11:00:00,12,-2.5C,-2.5,4.3,1.7999999999999998,NORMAL
M5S,2026-03-25 23:00:00,2026-03-26 11:00:00,12,-2.5C,-2.5,4.3,1.7999999999999998,NORMAL
M6G,2026-03-25 23:00:00,2026-03-26 11:00:00,12,-2.5C,-2.5,4.3,1.7999999999999998,NORMAL
M9R,2026-03-25 23:00:00,2026-03-26 11:00:00,12,-2.5C,-2.5,2.7,0.20000000000000018,NORMAL
M9W,2026-03-25 23:00:00,2026-03-26 11:00:00,12,-2.5C,-2.5,2.7,0.20000000000000018,NORMAL
L4T,2026-03-25 23:00:00,2026-03-26 11:00:00,12,Baseline,0.0,2.7,2.7,NORMAL
M5R,2026-03-25 23:00:00,2026-03-26 11:00:00,12,Baseline,0.0,4.3,4.3,NORMAL
M5S,2026-03-25 23:00:00,2026-03-26 11:00:00,12,Baseline,0.0,4.3,4.3,NORMAL
M6G,2026-03-25 23:00:00,2026-03-26 11:00:00,12,Baseline,0.0,4.3,4.3,NORMAL
M9R,2026-03-25 23:00:00,2026-03-26 11:00:00,12,Baseline,0.0,2.7,2.7,NORMAL
M9W,2026-03-25 23:00:00,2026-03-26 11:00:00,12,Baseline,0.0,2.7,2.7,NORMAL
L4T,2026-03-25 23:00:00,2026-03-26 11:00:00,12,+2.5C,2.5,2.7,5.2,NORMAL
M5R,2026-03-25 23:00:00,2026-03-26 11:00:00,12,+2.5C,2.5,4.3,6.8,NORMAL
M5S,2026-03-25 23:00:00,2026-03-26 11:00:00,12,+2.5C,2.5,4.3,6.8,NORMAL
M6G,2026-03-25 23:00:00,2026-03-26 11:00:00,12,+2.5C,2.5,4.3,6.8,NORMAL
M9R,2026-03-25 23:00:00,2026-03-26 11:00:00,12,+2.5C,2.5,2.7,5.2,NORMAL
M9W,2026-03-25 23:00:00,2026-03-26 11:00:00,12,+2.5C,2.5,2.7,5.2,NORMAL
L4T,2026-03-25 23:00:00,2026-03-26 11:00:00,12,+5C,5.0,2.7,7.7,NORMAL
M5R,2026-03-25 23:00:00,2026-03-26 11:00:00,12,+5C,5.0,4.3,9.3,NORMAL
M5S,2026-03-25 23:00:00,2026-03-26 11:00:00,12,+5C,5.0,4.3,9.3,NORMAL
M6G,2026-03-25 23:00:00,2026-03-26 11:00:00,12,+5C,5.0,4.3,9.3,NORMAL
M9R,2026-03-25 23:00:00,2026-03-26 11:00:00,12,+5C,5.0,2.7,7.7,NORMAL
M9W,2026-03-25 23:00:00,2026-03-26 11:00:00,12,+5C,5.0,2.7,7.7,NORMAL
L4T,2026-03-25 23:00:00,2026-03-26 12:00:00,13,-5C,-5.0,2.7,-2.3,NORMAL
M5R,2026-03-25 23:00:00,2026-03-26 12:00:00,13,-5C,-5.0,4.3,-0.7000000000000002,NORMAL
M5S,2026-03-25 23:00:00,2026-03-26 12:00:00,13,-5C,-5.0,4.3,-0.7000000000000002,NORMAL
M6G,2026-03-25 23:00:00,2026-03-26 12:00:00,13,-5C,-5.0,4.3,-0.7000000000000002,NORMAL
M9R,2026-03-25 23:00:00,2026-03-26 12:00:00,13,-5C,-5.0,2.7,-2.3,NORMAL
M9W,2026-03-25 23:00:00,2026-03-26 12:00:00,13,-5C,-5.0,2.7,-2.3,NORMAL
L4T,2026-03-25 23:00:00,2026-03-26 12:00:00,13,-2.5C,-2.5,2.7,0.20000000000000018,NORMAL
M5R,2026-03-25 23:00:00,2026-03-26 12:00:00,13,-2.5C,-2.5,4.3,1.7999999999999998,NORMAL
M5S,2026-03-25 23:00:00,2026-03-26 12:00:00,13,-2.5C,-2.5,4.3,1.7999999999999998,NORMAL
M6G,2026-03-25 23:00:00,2026-03-26 12:00:00,13,-2.5C,-2.5,4.3,1.7999999999999998,NORMAL
M9R,2026-03-25 23:00:00,2026-03-26 12:00:00,13,-2.5C,-2.5,2.7,0.20000000000000018,NORMAL
M9W,2026-03-25 23:00:00,2026-03-26 12:00:00,13,-2.5C,-2.5,2.7,0.20000000000000018,NORMAL
L4T,2026-03-25 23:00:00,2026-03-26 12:00:00,13,Baseline,0.0,2.7,2.7,NORMAL
M5R,2026-03-25 23:00:00,2026-03-26 12:00:00,13,Baseline,0.0,4.3,4.3,NORMAL
M5S,2026-03-25 23:00:00,2026-03-26 12:00:00,13,Baseline,0.0,4.3,4.3,NORMAL
M6G,2026-03-25 23:00:00,2026-03-26 12:00:00,13,Baseline,0.0,4.3,4.3,NORMAL
M9R,2026-03-25 23:00:00,2026-03-26 12:00:00,13,Baseline,0.0,2.7,2.7,NORMAL
M9W,2026-03-25 23:00:00,2026-03-26 12:00:00,13,Baseline,0.0,2.7,2.7,NORMAL
L4T,2026-03-25 23:00:00,2026-03-26 12:00:00,13,+2.5C,2.5,2.7,5.2,NORMAL
M5R,2026-03-25 23:00:00,2026-03-26 12:00:00,13,+2.5C,2.5,4.3,6.8,NORMAL
M5S,2026-03-25 23:00:00,2026-03-26 12:00:00,13,+2.5C,2.5,4.3,6.8,NORMAL
M6G,2026-03-25 23:00:00,2026-03-26 12:00:00,13,+2.5C,2.5,4.3,6.8,NORMAL
M9R,2026-03-25 23:00:00,2026-03-26 12:00:00,13,+2.5C,2.5,2.7,5.2,NORMAL
M9W,2026-03-25 23:00:00,2026-03-26 12:00:00,13,+2.5C,2.5,2.7,5.2,NORMAL
L4T,2026-03-25 23:00:00,2026-03-26 12:00:00,13,+5C,5.0,2.7,7.7,NORMAL
M5R,2026-03-25 23:00:00,2026-03-26 12:00:00,13,+5C,5.0,4.3,9.3,NORMAL
M5S,2026-03-25 23:00:00,2026-03-26 12:00:00,13,+5C,5.0,4.3,9.3,NORMAL
M6G,2026-03-25 23:00:00,2026-03-26 12:00:00,13,+5C,5.0,4.3,9.3,NORMAL
M9R,2026-03-25 23:00:00,2026-03-26 12:00:00,13,+5C,5.0,2.7,7.7,NORMAL
M9W,2026-03-25 23:00:00,2026-03-26 12:00:00,13,+5C,5.0,2.7,7.7,NORMAL
L4T,2026-03-25 23:00:00,2026-03-26 13:00:00,14,-5C,-5.0,2.7,-2.3,NORMAL
M5R,2026-03-25 23:00:00,2026-03-26 13:00:00,14,-5C,-5.0,4.3,-0.7000000000000002,NORMAL
M5S,2026-03-25 23:00:00,2026-03-26 13:00:00,14,-5C,-5.0,4.3,-0.7000000000000002,NORMAL
M6G,2026-03-25 23:00:00,2026-03-26 13:00:00,14,-5C,-5.0,4.3,-0.7000000000000002,NORMAL
M9R,2026-03-25 23:00:00,2026-03-26 13:00:00,14,-5C,-5.0,2.7,-2.3,NORMAL
M9W,2026-03-25 23:00:00,2026-03-26 13:00:00,14,-5C,-5.0,2.7,-2.3,NORMAL
L4T,2026-03-25 23:00:00,2026-03-26 13:00:00,14,-2.5C,-2.5,2.7,0.20000000000000018,NORMAL
M5R,2026-03-25 23:00:00,2026-03-26 13:00:00,14,-2.5C,-2.5,4.3,1.7999999999999998,NORMAL
M5S,2026-03-25 23:00:00,2026-03-26 13:00:00,14,-2.5C,-2.5,4.3,1.7999999999999998,NORMAL
M6G,2026-03-25 23:00:00,2026-03-26 13:00:00,14,-2.5C,-2.5,4.3,1.7999999999999998,NORMAL
M9R,2026-03-25 23:00:00,2026-03-26 13:00:00,14,-2.5C,-2.5,2.7,0.20000000000000018,NORMAL
M9W,2026-03-25 23:00:00,2026-03-26 13:00:00,14,-2.5C,-2.5,2.7,0.20000000000000018,NORMAL
L4T,2026-03-25 23:00:00,2026-03-26 13:00:00,14,Baseline,0.0,2.7,2.7,NORMAL
M5R,2026-03-25 23:00:00,2026-03-26 13:00:00,14,Baseline,0.0,4.3,4.3,NORMAL
M5S,2026-03-25 23:00:00,2026-03-26 13:00:00,14,Baseline,0.0,4.3,4.3,NORMAL
M6G,2026-03-25 23:00:00,2026-03-26 13:00:00,14,Baseline,0.0,4.3,4.3,NORMAL
M9R,2026-03-25 23:00:00,2026-03-26 13:00:00,14,Baseline,0.0,2.7,2.7,NORMAL
M9W,2026-03-25 23:00:00,2026-03-26 13:00:00,14,Baseline,0.0,2.7,2.7,NORMAL
L4T,2026-03-25 23:00:00,2026-03-26 13:00:00,14,+2.5C,2.5,2.7,5.2,NORMAL
M5R,2026-03-25 23:00:00,2026-03-26 13:00:00,14,+2.5C,2.5,4.3,6.8,NORMAL
M5S,2026-03-25 23:00:00,2026-03-26 13:00:00,14,+2.5C,2.5,4.3,6.8,NORMAL
M6G,2026-03-25 23:00:00,2026-03-26 13:00:00,14,+2.5C,2.5,4.3,6.8,NORMAL
M9R,2026-03-25 23:00:00,2026-03-26 13:00:00,14,+2.5C,2.5,2.7,5.2,NORMAL
M9W,2026-03-25 23:00:00,2026-03-26 13:00:00,14,+2.5C,2.5,2.7,5.2,NORMAL
L4T,2026-03-25 23:00:00,2026-03-26 13:00:00,14,+5C,5.0,2.7,7.7,NORMAL
M5R,2026-03-25 23:00:00,2026-03-26 13:00:00,14,+5C,5.0,4.3,9.3,NORMAL
M5S,2026-03-25 23:00:00,2026-03-26 13:00:00,14,+5C,5.0,4.3,9.3,NORMAL
M6G,2026-03-25 23:00:00,2026-03-26 13:00:00,14,+5C,5.0,4.3,9.3,NORMAL
M9R,2026-03-25 23:00:00,2026-03-26 13:00:00,14,+5C,5.0,2.7,7.7,NORMAL
M9W,2026-03-25 23:00:00,2026-03-26 13:00:00,14,+5C,5.0,2.7,7.7,NORMAL
L4T,2026-03-25 23:00:00,2026-03-26 14:00:00,15,-5C,-5.0,2.7,-2.3,NORMAL
M5R,2026-03-25 23:00:00,2026-03-26 14:00:00,15,-5C,-5.0,4.3,-0.7000000000000002,NORMAL
M5S,2026-03-25 23:00:00,2026-03-26 14:00:00,15,-5C,-5.0,4.3,-0.7000000000000002,NORMAL
M6G,2026-03-25 23:00:00,2026-03-26 14:00:00,15,-5C,-5.0,4.3,-0.7000000000000002,NORMAL
M9R,2026-03-25 23:00:00,2026-03-26 14:00:00,15,-5C,-5.0,2.7,-2.3,NORMAL
M9W,2026-03-25 23:00:00,2026-03-26 14:00:00,15,-5C,-5.0,2.7,-2.3,NORMAL
L4T,2026-03-25 23:00:00,2026-03-26 14:00:00,15,-2.5C,-2.5,2.7,0.20000000000000018,NORMAL
M5R,2026-03-25 23:00:00,2026-03-26 14:00:00,15,-2.5C,-2.5,4.3,1.7999999999999998,NORMAL
M5S,2026-03-25 23:00:00,2026-03-26 14:00:00,15,-2.5C,-2.5,4.3,1.7999999999999998,NORMAL
M6G,2026-03-25 23:00:00,2026-03-26 14:00:00,15,-2.5C,-2.5,4.3,1.7999999999999998,NORMAL
M9R,2026-03-25 23:00:00,2026-03-26 14:00:00,15,-2.5C,-2.5,2.7,0.20000000000000018,NORMAL
M9W,2026-03-25 23:00:00,2026-03-26 14:00:00,15,-2.5C,-2.5,2.7,0.20000000000000018,NORMAL
L4T,2026-03-25 23:00:00,2026-03-26 14:00:00,15,Baseline,0.0,2.7,2.7,NORMAL
M5R,2026-03-25 23:00:00,2026-03-26 14:00:00,15,Baseline,0.0,4.3,4.3,NORMAL
M5S,2026-03-25 23:00:00,2026-03-26 14:00:00,15,Baseline,0.0,4.3,4.3,NORMAL
M6G,2026-03-25 23:00:00,2026-03-26 14:00:00,15,Baseline,0.0,4.3,4.3,NORMAL
M9R,2026-03-25 23:00:00,2026-03-26 14:00:00,15,Baseline,0.0,2.7,2.7,NORMAL
M9W,2026-03-25 23:00:00,2026-03-26 14:00:00,15,Baseline,0.0,2.7,2.7,NORMAL
L4T,2026-03-25 23:00:00,2026-03-26 14:00:00,15,+2.5C,2.5,2.7,5.2,NORMAL
M5R,2026-03-25 23:00:00,2026-03-26 14:00:00,15,+2.5C,2.5,4.3,6.8,NORMAL
M5S,2026-03-25 23:00:00,2026-03-26 14:00:00,15,+2.5C,2.5,4.3,6.8,NORMAL
M6G,2026-03-25 23:00:00,2026-03-26 14:00:00,15,+2.5C,2.5,4.3,6.8,NORMAL
M9R,2026-03-25 23:00:00,2026-03-26 14:00:00,15,+2.5C,2.5,2.7,5.2,NORMAL
M9W,2026-03-25 23:00:00,2026-03-26 14:00:00,15,+2.5C,2.5,2.7,5.2,NORMAL
L4T,2026-03-25 23:00:00,2026-03-26 14:00:00,15,+5C,5.0,2.7,7.7,NORMAL
M5R,2026-03-25 23:00:00,2026-03-26 14:00:00,15,+5C,5.0,4.3,9.3,NORMAL
M5S,2026-03-25 23:00:00,2026-03-26 14:00:00,15,+5C,5.0,4.3,9.3,NORMAL
M6G,2026-03-25 23:00:00,2026-03-26 14:00:00,15,+5C,5.0,4.3,9.3,NORMAL
M9R,2026-03-25 23:00:00,2026-03-26 14:00:00,15,+5C,5.0,2.7,7.7,NORMAL
M9W,2026-03-25 23:00:00,2026-03-26 14:00:00,15,+5C,5.0,2.7,7.7,NORMAL
L4T,2026-03-25 23:00:00,2026-03-26 15:00:00,16,-5C,-5.0,2.7,-2.3,NORMAL
M5R,2026-03-25 23:00:00,2026-03-26 15:00:00,16,-5C,-5.0,4.3,-0.7000000000000002,NORMAL
M5S,2026-03-25 23:00:00,2026-03-26 15:00:00,16,-5C,-5.0,4.3,-0.7000000000000002,NORMAL
M6G,2026-03-25 23:00:00,2026-03-26 15:00:00,16,-5C,-5.0,4.3,-0.7000000000000002,NORMAL
M9R,2026-03-25 23:00:00,2026-03-26 15:00:00,16,-5C,-5.0,2.7,-2.3,NORMAL
M9W,2026-03-25 23:00:00,2026-03-26 15:00:00,16,-5C,-5.0,2.7,-2.3,NORMAL
L4T,2026-03-25 23:00:00,2026-03-26 15:00:00,16,-2.5C,-2.5,2.7,0.20000000000000018,NORMAL
M5R,2026-03-25 23:00:00,2026-03-26 15:00:00,16,-2.5C,-2.5,4.3,1.7999999999999998,NORMAL
M5S,2026-03-25 23:00:00,2026-03-26 15:00:00,16,-2.5C,-2.5,4.3,1.7999999999999998,NORMAL
M6G,2026-03-25 23:00:00,2026-03-26 15:00:00,16,-2.5C,-2.5,4.3,1.7999999999999998,NORMAL
M9R,2026-03-25 23:00:00,2026-03-26 15:00:00,16,-2.5C,-2.5,2.7,0.20000000000000018,NORMAL
M9W,2026-03-25 23:00:00,2026-03-26 15:00:00,16,-2.5C,-2.5,2.7,0.20000000000000018,NORMAL
L4T,2026-03-25 23:00:00,2026-03-26 15:00:00,16,Baseline,0.0,2.7,2.7,NORMAL
M5R,2026-03-25 23:00:00,2026-03-26 15:00:00,16,Baseline,0.0,4.3,4.3,NORMAL
M5S,2026-03-25 23:00:00,2026-03-26 15:00:00,16,Baseline,0.0,4.3,4.3,NORMAL
M6G,2026-03-25 23:00:00,2026-03-26 15:00:00,16,Baseline,0.0,4.3,4.3,NORMAL
M9R,2026-03-25 23:00:00,2026-03-26 15:00:00,16,Baseline,0.0,2.7,2.7,NORMAL
M9W,2026-03-25 23:00:00,2026-03-26 15:00:00,16,Baseline,0.0,2.7,2.7,NORMAL
L4T,2026-03-25 23:00:00,2026-03-26 15:00:00,16,+2.5C,2.5,2.7,5.2,NORMAL
M5R,2026-03-25 23:00:00,2026-03-26 15:00:00,16,+2.5C,2.5,4.3,6.8,NORMAL
M5S,2026-03-25 23:00:00,2026-03-26 15:00:00,16,+2.5C,2.5,4.3,6.8,NORMAL
M6G,2026-03-25 23:00:00,2026-03-26 15:00:00,16,+2.5C,2.5,4.3,6.8,NORMAL
M9R,2026-03-25 23:00:00,2026-03-26 15:00:00,16,+2.5C,2.5,2.7,5.2,NORMAL
M9W,2026-03-25 23:00:00,2026-03-26 15:00:00,16,+2.5C,2.5,2.7,5.2,NORMAL
L4T,2026-03-25 23:00:00,2026-03-26 15:00:00,16,+5C,5.0,2.7,7.7,NORMAL
M5R,2026-03-25 23:00:00,2026-03-26 15:00:00,16,+5C,5.0,4.3,9.3,NORMAL
M5S,2026-03-25 23:00:00,2026-03-26 15:00:00,16,+5C,5.0,4.3,9.3,NORMAL
M6G,2026-03-25 23:00:00,2026-03-26 15:00:00,16,+5C,5.0,4.3,9.3,NORMAL
M9R,2026-03-25 23:00:00,2026-03-26 15:00:00,16,+5C,5.0,2.7,7.7,NORMAL
M9W,2026-03-25 23:00:00,2026-03-26 15:00:00,16,+5C,5.0,2.7,7.7,NORMAL
L4T,2026-03-25 23:00:00,2026-03-26 16:00:00,17,-5C,-5.0,2.7,-2.3,NORMAL
M5R,2026-03-25 23:00:00,2026-03-26 16:00:00,17,-5C,-5.0,4.3,-0.7000000000000002,NORMAL
M5S,2026-03-25 23:00:00,2026-03-26 16:00:00,17,-5C,-5.0,4.3,-0.7000000000000002,NORMAL
M6G,2026-03-25 23:00:00,2026-03-26 16:00:00,17,-5C,-5.0,4.3,-0.7000000000000002,NORMAL
M9R,2026-03-25 23:00:00,2026-03-26 16:00:00,17,-5C,-5.0,2.7,-2.3,NORMAL
M9W,2026-03-25 23:00:00,2026-03-26 16:00:00,17,-5C,-5.0,2.7,-2.3,NORMAL
L4T,2026-03-25 23:00:00,2026-03-26 16:00:00,17,-2.5C,-2.5,2.7,0.20000000000000018,NORMAL
M5R,2026-03-25 23:00:00,2026-03-26 16:00:00,17,-2.5C,-2.5,4.3,1.7999999999999998,NORMAL
M5S,2026-03-25 23:00:00,2026-03-26 16:00:00,17,-2.5C,-2.5,4.3,1.7999999999999998,NORMAL
M6G,2026-03-25 23:00:00,2026-03-26 16:00:00,17,-2.5C,-2.5,4.3,1.7999999999999998,NORMAL
M9R,2026-03-25 23:00:00,2026-03-26 16:00:00,17,-2.5C,-2.5,2.7,0.20000000000000018,NORMAL
M9W,2026-03-25 23:00:00,2026-03-26 16:00:00,17,-2.5C,-2.5,2.7,0.20000000000000018,NORMAL
L4T,2026-03-25 23:00:00,2026-03-26 16:00:00,17,Baseline,0.0,2.7,2.7,NORMAL
M5R,2026-03-25 23:00:00,2026-03-26 16:00:00,17,Baseline,0.0,4.3,4.3,NORMAL
M5S,2026-03-25 23:00:00,2026-03-26 16:00:00,17,Baseline,0.0,4.3,4.3,NORMAL
M6G,2026-03-25 23:00:00,2026-03-26 16:00:00,17,Baseline,0.0,4.3,4.3,NORMAL
M9R,2026-03-25 23:00:00,2026-03-26 16:00:00,17,Baseline,0.0,2.7,2.7,NORMAL
M9W,2026-03-25 23:00:00,2026-03-26 16:00:00,17,Baseline,0.0,2.7,2.7,NORMAL
L4T,2026-03-25 23:00:00,2026-03-26 16:00:00,17,+2.5C,2.5,2.7,5.2,NORMAL
M5R,2026-03-25 23:00:00,2026-03-26 16:00:00,17,+2.5C,2.5,4.3,6.8,NORMAL
M5S,2026-03-25 23:00:00,2026-03-26 16:00:00,17,+2.5C,2.5,4.3,6.8,NORMAL
M6G,2026-03-25 23:00:00,2026-03-26 16:00:00,17,+2.5C,2.5,4.3,6.8,NORMAL
M9R,2026-03-25 23:00:00,2026-03-26 16:00:00,17,+2.5C,2.5,2.7,5.2,NORMAL
M9W,2026-03-25 23:00:00,2026-03-26 16:00:00,17,+2.5C,2.5,2.7,5.2,NORMAL
L4T,2026-03-25 23:00:00,2026-03-26 16:00:00,17,+5C,5.0,2.7,7.7,NORMAL
M5R,2026-03-25 23:00:00,2026-03-26 16:00:00,17,+5C,5.0,4.3,9.3,NORMAL
M5S,2026-03-25 23:00:00,2026-03-26 16:00:00,17,+5C,5.0,4.3,9.3,NORMAL
M6G,2026-03-25 23:00:00,2026-03-26 16:00:00,17,+5C,5.0,4.3,9.3,NORMAL
M9R,2026-03-25 23:00:00,2026-03-26 16:00:00,17,+5C,5.0,2.7,7.7,NORMAL
M9W,2026-03-25 23:00:00,2026-03-26 16:00:00,17,+5C,5.0,2.7,7.7,NORMAL
L4T,2026-03-25 23:00:00,2026-03-26 17:00:00,18,-5C,-5.0,2.7,-2.3,NORMAL
M5R,2026-03-25 23:00:00,2026-03-26 17:00:00,18,-5C,-5.0,4.3,-0.7000000000000002,NORMAL
M5S,2026-03-25 23:00:00,2026-03-26 17:00:00,18,-5C,-5.0,4.3,-0.7000000000000002,NORMAL
M6G,2026-03-25 23:00:00,2026-03-26 17:00:00,18,-5C,-5.0,4.3,-0.7000000000000002,NORMAL
M9R,2026-03-25 23:00:00,2026-03-26 17:00:00,18,-5C,-5.0,2.7,-2.3,NORMAL
M9W,2026-03-25 23:00:00,2026-03-26 17:00:00,18,-5C,-5.0,2.7,-2.3,NORMAL
L4T,2026-03-25 23:00:00,2026-03-26 17:00:00,18,-2.5C,-2.5,2.7,0.20000000000000018,NORMAL
M5R,2026-03-25 23:00:00,2026-03-26 17:00:00,18,-2.5C,-2.5,4.3,1.7999999999999998,NORMAL
M5S,2026-03-25 23:00:00,2026-03-26 17:00:00,18,-2.5C,-2.5,4.3,1.7999999999999998,NORMAL
M6G,2026-03-25 23:00:00,2026-03-26 17:00:00,18,-2.5C,-2.5,4.3,1.7999999999999998,NORMAL
M9R,2026-03-25 23:00:00,2026-03-26 17:00:00,18,-2.5C,-2.5,2.7,0.20000000000000018,NORMAL
M9W,2026-03-25 23:00:00,2026-03-26 17:00:00,18,-2.5C,-2.5,2.7,0.20000000000000018,NORMAL
L4T,2026-03-25 23:00:00,2026-03-26 17:00:00,18,Baseline,0.0,2.7,2.7,NORMAL
M5R,2026-03-25 23:00:00,2026-03-26 17:00:00,18,Baseline,0.0,4.3,4.3,NORMAL
M5S,2026-03-25 23:00:00,2026-03-26 17:00:00,18,Baseline,0.0,4.3,4.3,NORMAL
M6G,2026-03-25 23:00:00,2026-03-26 17:00:00,18,Baseline,0.0,4.3,4.3,NORMAL
M9R,2026-03-25 23:00:00,2026-03-26 17:00:00,18,Baseline,0.0,2.7,2.7,NORMAL
M9W,2026-03-25 23:00:00,2026-03-26 17:00:00,18,Baseline,0.0,2.7,2.7,NORMAL
L4T,2026-03-25 23:00:00,2026-03-26 17:00:00,18,+2.5C,2.5,2.7,5.2,NORMAL
M5R,2026-03-25 23:00:00,2026-03-26 17:00:00,18,+2.5C,2.5,4.3,6.8,NORMAL
M5S,2026-03-25 23:00:00,2026-03-26 17:00:00,18,+2.5C,2.5,4.3,6.8,NORMAL
M6G,2026-03-25 23:00:00,2026-03-26 17:00:00,18,+2.5C,2.5,4.3,6.8,NORMAL
M9R,2026-03-25 23:00:00,2026-03-26 17:00:00,18,+2.5C,2.5,2.7,5.2,NORMAL
M9W,2026-03-25 23:00:00,2026-03-26 17:00:00,18,+2.5C,2.5,2.7,5.2,NORMAL
L4T,2026-03-25 23:00:00,2026-03-26 17:00:00,18,+5C,5.0,2.7,7.7,NORMAL
M5R,2026-03-25 23:00:00,2026-03-26 17:00:00,18,+5C,5.0,4.3,9.3,NORMAL
M5S,2026-03-25 23:00:00,2026-03-26 17:00:00,18,+5C,5.0,4.3,9.3,NORMAL
M6G,2026-03-25 23:00:00,2026-03-26 17:00:00,18,+5C,5.0,4.3,9.3,NORMAL
M9R,2026-03-25 23:00:00,2026-03-26 17:00:00,18,+5C,5.0,2.7,7.7,NORMAL
M9W,2026-03-25 23:00:00,2026-03-26 17:00:00,18,+5C,5.0,2.7,7.7,NORMAL
L4T,2026-03-25 23:00:00,2026-03-26 18:00:00,19,-5C,-5.0,2.7,-2.3,NORMAL
M5R,2026-03-25 23:00:00,2026-03-26 18:00:00,19,-5C,-5.0,4.3,-0.7000000000000002,NORMAL
M5S,2026-03-25 23:00:00,2026-03-26 18:00:00,19,-5C,-5.0,4.3,-0.7000000000000002,NORMAL
M6G,2026-03-25 23:00:00,2026-03-26 18:00:00,19,-5C,-5.0,4.3,-0.7000000000000002,NORMAL
M9R,2026-03-25 23:00:00,2026-03-26 18:00:00,19,-5C,-5.0,2.7,-2.3,NORMAL
M9W,2026-03-25 23:00:00,2026-03-26 18:00:00,19,-5C,-5.0,2.7,-2.3,NORMAL
L4T,2026-03-25 23:00:00,2026-03-26 18:00:00,19,-2.5C,-2.5,2.7,0.20000000000000018,NORMAL
M5R,2026-03-25 23:00:00,2026-03-26 18:00:00,19,-2.5C,-2.5,4.3,1.7999999999999998,NORMAL
M5S,2026-03-25 23:00:00,2026-03-26 18:00:00,19,-2.5C,-2.5,4.3,1.7999999999999998,NORMAL
M6G,2026-03-25 23:00:00,2026-03-26 18:00:00,19,-2.5C,-2.5,4.3,1.7999999999999998,NORMAL
M9R,2026-03-25 23:00:00,2026-03-26 18:00:00,19,-2.5C,-2.5,2.7,0.20000000000000018,NORMAL
M9W,2026-03-25 23:00:00,2026-03-26 18:00:00,19,-2.5C,-2.5,2.7,0.20000000000000018,NORMAL
L4T,2026-03-25 23:00:00,2026-03-26 18:00:00,19,Baseline,0.0,2.7,2.7,NORMAL
M5R,2026-03-25 23:00:00,2026-03-26 18:00:00,19,Baseline,0.0,4.3,4.3,NORMAL
M5S,2026-03-25 23:00:00,2026-03-26 18:00:00,19,Baseline,0.0,4.3,4.3,NORMAL
M6G,2026-03-25 23:00:00,2026-03-26 18:00:00,19,Baseline,0.0,4.3,4.3,NORMAL
M9R,2026-03-25 23:00:00,2026-03-26 18:00:00,19,Baseline,0.0,2.7,2.7,NORMAL
M9W,2026-03-25 23:00:00,2026-03-26 18:00:00,19,Baseline,0.0,2.7,2.7,NORMAL
L4T,2026-03-25 23:00:00,2026-03-26 18:00:00,19,+2.5C,2.5,2.7,5.2,NORMAL
M5R,2026-03-25 23:00:00,2026-03-26 18:00:00,19,+2.5C,2.5,4.3,6.8,NORMAL
M5S,2026-03-25 23:00:00,2026-03-26 18:00:00,19,+2.5C,2.5,4.3,6.8,NORMAL
M6G,2026-03-25 23:00:00,2026-03-26 18:00:00,19,+2.5C,2.5,4.3,6.8,NORMAL
M9R,2026-03-25 23:00:00,2026-03-26 18:00:00,19,+2.5C,2.5,2.7,5.2,NORMAL
M9W,2026-03-25 23:00:00,2026-03-26 18:00:00,19,+2.5C,2.5,2.7,5.2,NORMAL
L4T,2026-03-25 23:00:00,2026-03-26 18:00:00,19,+5C,5.0,2.7,7.7,NORMAL
M5R,2026-03-25 23:00:00,2026-03-26 18:00:00,19,+5C,5.0,4.3,9.3,NORMAL
M5S,2026-03-25 23:00:00,2026-03-26 18:00:00,19,+5C,5.0,4.3,9.3,NORMAL
M6G,2026-03-25 23:00:00,2026-03-26 18:00:00,19,+5C,5.0,4.3,9.3,NORMAL
M9R,2026-03-25 23:00:00,2026-03-26 18:00:00,19,+5C,5.0,2.7,7.7,NORMAL
M9W,2026-03-25 23:00:00,2026-03-26 18:00:00,19,+5C,5.0,2.7,7.7,NORMAL
L4T,2026-03-25 23:00:00,2026-03-26 19:00:00,20,-5C,-5.0,2.7,-2.3,NORMAL
M5R,2026-03-25 23:00:00,2026-03-26 19:00:00,20,-5C,-5.0,4.3,-0.7000000000000002,NORMAL
M5S,2026-03-25 23:00:00,2026-03-26 19:00:00,20,-5C,-5.0,4.3,-0.7000000000000002,NORMAL
M6G,2026-03-25 23:00:00,2026-03-26 19:00:00,20,-5C,-5.0,4.3,-0.7000000000000002,NORMAL
M9R,2026-03-25 23:00:00,2026-03-26 19:00:00,20,-5C,-5.0,2.7,-2.3,NORMAL
M9W,2026-03-25 23:00:00,2026-03-26 19:00:00,20,-5C,-5.0,2.7,-2.3,NORMAL
L4T,2026-03-25 23:00:00,2026-03-26 19:00:00,20,-2.5C,-2.5,2.7,0.20000000000000018,NORMAL
M5R,2026-03-25 23:00:00,2026-03-26 19:00:00,20,-2.5C,-2.5,4.3,1.7999999999999998,NORMAL
M5S,2026-03-25 23:00:00,2026-03-26 19:00:00,20,-2.5C,-2.5,4.3,1.7999999999999998,NORMAL
M6G,2026-03-25 23:00:00,2026-03-26 19:00:00,20,-2.5C,-2.5,4.3,1.7999999999999998,NORMAL
M9R,2026-03-25 23:00:00,2026-03-26 19:00:00,20,-2.5C,-2.5,2.7,0.20000000000000018,NORMAL
M9W,2026-03-25 23:00:00,2026-03-26 19:00:00,20,-2.5C,-2.5,2.7,0.20000000000000018,NORMAL
L4T,2026-03-25 23:00:00,2026-03-26 19:00:00,20,Baseline,0.0,2.7,2.7,NORMAL
M5R,2026-03-25 23:00:00,2026-03-26 19:00:00,20,Baseline,0.0,4.3,4.3,NORMAL
M5S,2026-03-25 23:00:00,2026-03-26 19:00:00,20,Baseline,0.0,4.3,4.3,NORMAL
M6G,2026-03-25 23:00:00,2026-03-26 19:00:00,20,Baseline,0.0,4.3,4.3,NORMAL
M9R,2026-03-25 23:00:00,2026-03-26 19:00:00,20,Baseline,0.0,2.7,2.7,NORMAL
M9W,2026-03-25 23:00:00,2026-03-26 19:00:00,20,Baseline,0.0,2.7,2.7,NORMAL
L4T,2026-03-25 23:00:00,2026-03-26 19:00:00,20,+2.5C,2.5,2.7,5.2,NORMAL
M5R,2026-03-25 23:00:00,2026-03-26 19:00:00,20,+2.5C,2.5,4.3,6.8,NORMAL
M5S,2026-03-25 23:00:00,2026-03-26 19:00:00,20,+2.5C,2.5,4.3,6.8,NORMAL
M6G,2026-03-25 23:00:00,2026-03-26 19:00:00,20,+2.5C,2.5,4.3,6.8,NORMAL
M9R,2026-03-25 23:00:00,2026-03-26 19:00:00,20,+2.5C,2.5,2.7,5.2,NORMAL
M9W,2026-03-25 23:00:00,2026-03-26 19:00:00,20,+2.5C,2.5,2.7,5.2,NORMAL
L4T,2026-03-25 23:00:00,2026-03-26 19:00:00,20,+5C,5.0,2.7,7.7,NORMAL
M5R,2026-03-25 23:00:00,2026-03-26 19:00:00,20,+5C,5.0,4.3,9.3,NORMAL
M5S,2026-03-25 23:00:00,2026-03-26 19:00:00,20,+5C,5.0,4.3,9.3,NORMAL
M6G,2026-03-25 23:00:00,2026-03-26 19:00:00,20,+5C,5.0,4.3,9.3,NORMAL
M9R,2026-03-25 23:00:00,2026-03-26 19:00:00,20,+5C,5.0,2.7,7.7,NORMAL
M9W,2026-03-25 23:00:00,2026-03-26 19:00:00,20,+5C,5.0,2.7,7.7,NORMAL
L4T,2026-03-25 23:00:00,2026-03-26 20:00:00,21,-5C,-5.0,2.7,-2.3,NORMAL
M5R,2026-03-25 23:00:00,2026-03-26 20:00:00,21,-5C,-5.0,4.3,-0.7000000000000002,NORMAL
M5S,2026-03-25 23:00:00,2026-03-26 20:00:00,21,-5C,-5.0,4.3,-0.7000000000000002,NORMAL
M6G,2026-03-25 23:00:00,2026-03-26 20:00:00,21,-5C,-5.0,4.3,-0.7000000000000002,NORMAL
M9R,2026-03-25 23:00:00,2026-03-26 20:00:00,21,-5C,-5.0,2.7,-2.3,NORMAL
M9W,2026-03-25 23:00:00,2026-03-26 20:00:00,21,-5C,-5.0,2.7,-2.3,NORMAL
L4T,2026-03-25 23:00:00,2026-03-26 20:00:00,21,-2.5C,-2.5,2.7,0.20000000000000018,NORMAL
M5R,2026-03-25 23:00:00,2026-03-26 20:00:00,21,-2.5C,-2.5,4.3,1.7999999999999998,NORMAL
M5S,2026-03-25 23:00:00,2026-03-26 20:00:00,21,-2.5C,-2.5,4.3,1.7999999999999998,NORMAL
M6G,2026-03-25 23:00:00,2026-03-26 20:00:00,21,-2.5C,-2.5,4.3,1.7999999999999998,NORMAL
M9R,2026-03-25 23:00:00,2026-03-26 20:00:00,21,-2.5C,-2.5,2.7,0.20000000000000018,NORMAL
M9W,2026-03-25 23:00:00,2026-03-26 20:00:00,21,-2.5C,-2.5,2.7,0.20000000000000018,NORMAL
L4T,2026-03-25 23:00:00,2026-03-26 20:00:00,21,Baseline,0.0,2.7,2.7,NORMAL
M5R,2026-03-25 23:00:00,2026-03-26 20:00:00,21,Baseline,0.0,4.3,4.3,NORMAL
M5S,2026-03-25 23:00:00,2026-03-26 20:00:00,21,Baseline,0.0,4.3,4.3,NORMAL
M6G,2026-03-25 23:00:00,2026-03-26 20:00:00,21,Baseline,0.0,4.3,4.3,NORMAL
M9R,2026-03-25 23:00:00,2026-03-26 20:00:00,21,Baseline,0.0,2.7,2.7,NORMAL
M9W,2026-03-25 23:00:00,2026-03-26 20:00:00,21,Baseline,0.0,2.7,2.7,NORMAL
L4T,2026-03-25 23:00:00,2026-03-26 20:00:00,21,+2.5C,2.5,2.7,5.2,NORMAL
M5R,2026-03-25 23:00:00,2026-03-26 20:00:00,21,+2.5C,2.5,4.3,6.8,NORMAL
M5S,2026-03-25 23:00:00,2026-03-26 20:00:00,21,+2.5C,2.5,4.3,6.8,NORMAL
M6G,2026-03-25 23:00:00,2026-03-26 20:00:00,21,+2.5C,2.5,4.3,6.8,NORMAL
M9R,2026-03-25 23:00:00,2026-03-26 20:00:00,21,+2.5C,2.5,2.7,5.2,NORMAL
M9W,2026-03-25 23:00:00,2026-03-26 20:00:00,21,+2.5C,2.5,2.7,5.2,NORMAL
L4T,2026-03-25 23:00:00,2026-03-26 20:00:00,21,+5C,5.0,2.7,7.7,NORMAL
M5R,2026-03-25 23:00:00,2026-03-26 20:00:00,21,+5C,5.0,4.3,9.3,NORMAL
M5S,2026-03-25 23:00:00,2026-03-26 20:00:00,21,+5C,5.0,4.3,9.3,NORMAL
M6G,2026-03-25 23:00:00,2026-03-26 20:00:00,21,+5C,5.0,4.3,9.3,NORMAL
M9R,2026-03-25 23:00:00,2026-03-26 20:00:00,21,+5C,5.0,2.7,7.7,NORMAL
M9W,2026-03-25 23:00:00,2026-03-26 20:00:00,21,+5C,5.0,2.7,7.7,NORMAL
L4T,2026-03-25 23:00:00,2026-03-26 21:00:00,22,-5C,-5.0,2.7,-2.3,NORMAL
M5R,2026-03-25 23:00:00,2026-03-26 21:00:00,22,-5C,-5.0,4.3,-0.7000000000000002,NORMAL
M5S,2026-03-25 23:00:00,2026-03-26 21:00:00,22,-5C,-5.0,4.3,-0.7000000000000002,NORMAL
M6G,2026-03-25 23:00:00,2026-03-26 21:00:00,22,-5C,-5.0,4.3,-0.7000000000000002,NORMAL
M9R,2026-03-25 23:00:00,2026-03-26 21:00:00,22,-5C,-5.0,2.7,-2.3,NORMAL
M9W,2026-03-25 23:00:00,2026-03-26 21:00:00,22,-5C,-5.0,2.7,-2.3,NORMAL
L4T,2026-03-25 23:00:00,2026-03-26 21:00:00,22,-2.5C,-2.5,2.7,0.20000000000000018,NORMAL
M5R,2026-03-25 23:00:00,2026-03-26 21:00:00,22,-2.5C,-2.5,4.3,1.7999999999999998,NORMAL
M5S,2026-03-25 23:00:00,2026-03-26 21:00:00,22,-2.5C,-2.5,4.3,1.7999999999999998,NORMAL
M6G,2026-03-25 23:00:00,2026-03-26 21:00:00,22,-2.5C,-2.5,4.3,1.7999999999999998,NORMAL
M9R,2026-03-25 23:00:00,2026-03-26 21:00:00,22,-2.5C,-2.5,2.7,0.20000000000000018,NORMAL
M9W,2026-03-25 23:00:00,2026-03-26 21:00:00,22,-2.5C,-2.5,2.7,0.20000000000000018,NORMAL
L4T,2026-03-25 23:00:00,2026-03-26 21:00:00,22,Baseline,0.0,2.7,2.7,NORMAL
M5R,2026-03-25 23:00:00,2026-03-26 21:00:00,22,Baseline,0.0,4.3,4.3,NORMAL
M5S,2026-03-25 23:00:00,2026-03-26 21:00:00,22,Baseline,0.0,4.3,4.3,NORMAL
M6G,2026-03-25 23:00:00,2026-03-26 21:00:00,22,Baseline,0.0,4.3,4.3,NORMAL
M9R,2026-03-25 23:00:00,2026-03-26 21:00:00,22,Baseline,0.0,2.7,2.7,NORMAL
M9W,2026-03-25 23:00:00,2026-03-26 21:00:00,22,Baseline,0.0,2.7,2.7,NORMAL
L4T,2026-03-25 23:00:00,2026-03-26 21:00:00,22,+2.5C,2.5,2.7,5.2,NORMAL
M5R,2026-03-25 23:00:00,2026-03-26 21:00:00,22,+2.5C,2.5,4.3,6.8,NORMAL
M5S,2026-03-25 23:00:00,2026-03-26 21:00:00,22,+2.5C,2.5,4.3,6.8,NORMAL
M6G,2026-03-25 23:00:00,2026-03-26 21:00:00,22,+2.5C,2.5,4.3,6.8,NORMAL
M9R,2026-03-25 23:00:00,2026-03-26 21:00:00,22,+2.5C,2.5,2.7,5.2,NORMAL
M9W,2026-03-25 23:00:00,2026-03-26 21:00:00,22,+2.5C,2.5,2.7,5.2,NORMAL
L4T,2026-03-25 23:00:00,2026-03-26 21:00:00,22,+5C,5.0,2.7,7.7,NORMAL
M5R,2026-03-25 23:00:00,2026-03-26 21:00:00,22,+5C,5.0,4.3,9.3,NORMAL
M5S,2026-03-25 23:00:00,2026-03-26 21:00:00,22,+5C,5.0,4.3,9.3,NORMAL
M6G,2026-03-25 23:00:00,2026-03-26 21:00:00,22,+5C,5.0,4.3,9.3,NORMAL
M9R,2026-03-25 23:00:00,2026-03-26 21:00:00,22,+5C,5.0,2.7,7.7,NORMAL
M9W,2026-03-25 23:00:00,2026-03-26 21:00:00,22,+5C,5.0,2.7,7.7,NORMAL
L4T,2026-03-25 23:00:00,2026-03-26 22:00:00,23,-5C,-5.0,2.7,-2.3,NORMAL
M5R,2026-03-25 23:00:00,2026-03-26 22:00:00,23,-5C,-5.0,4.3,-0.7000000000000002,NORMAL
M5S,2026-03-25 23:00:00,2026-03-26 22:00:00,23,-5C,-5.0,4.3,-0.7000000000000002,NORMAL
M6G,2026-03-25 23:00:00,2026-03-26 22:00:00,23,-5C,-5.0,4.3,-0.7000000000000002,NORMAL
M9R,2026-03-25 23:00:00,2026-03-26 22:00:00,23,-5C,-5.0,2.7,-2.3,NORMAL
M9W,2026-03-25 23:00:00,2026-03-26 22:00:00,23,-5C,-5.0,2.7,-2.3,NORMAL
L4T,2026-03-25 23:00:00,2026-03-26 22:00:00,23,-2.5C,-2.5,2.7,0.20000000000000018,NORMAL
M5R,2026-03-25 23:00:00,2026-03-26 22:00:00,23,-2.5C,-2.5,4.3,1.7999999999999998,NORMAL
M5S,2026-03-25 23:00:00,2026-03-26 22:00:00,23,-2.5C,-2.5,4.3,1.7999999999999998,NORMAL
M6G,2026-03-25 23:00:00,2026-03-26 22:00:00,23,-2.5C,-2.5,4.3,1.7999999999999998,NORMAL
M9R,2026-03-25 23:00:00,2026-03-26 22:00:00,23,-2.5C,-2.5,2.7,0.20000000000000018,NORMAL
M9W,2026-03-25 23:00:00,2026-03-26 22:00:00,23,-2.5C,-2.5,2.7,0.20000000000000018,NORMAL
L4T,2026-03-25 23:00:00,2026-03-26 22:00:00,23,Baseline,0.0,2.7,2.7,NORMAL
M5R,2026-03-25 23:00:00,2026-03-26 22:00:00,23,Baseline,0.0,4.3,4.3,NORMAL
M5S,2026-03-25 23:00:00,2026-03-26 22:00:00,23,Baseline,0.0,4.3,4.3,NORMAL
M6G,2026-03-25 23:00:00,2026-03-26 22:00:00,23,Baseline,0.0,4.3,4.3,NORMAL
M9R,2026-03-25 23:00:00,2026-03-26 22:00:00,23,Baseline,0.0,2.7,2.7,NORMAL
M9W,2026-03-25 23:00:00,2026-03-26 22:00:00,23,Baseline,0.0,2.7,2.7,NORMAL
L4T,2026-03-25 23:00:00,2026-03-26 22:00:00,23,+2.5C,2.5,2.7,5.2,NORMAL
M5R,2026-03-25 23:00:00,2026-03-26 22:00:00,23,+2.5C,2.5,4.3,6.8,NORMAL
M5S,2026-03-25 23:00:00,2026-03-26 22:00:00,23,+2.5C,2.5,4.3,6.8,NORMAL
M6G,2026-03-25 23:00:00,2026-03-26 22:00:00,23,+2.5C,2.5,4.3,6.8,NORMAL
M9R,2026-03-25 23:00:00,2026-03-26 22:00:00,23,+2.5C,2.5,2.7,5.2,NORMAL
M9W,2026-03-25 23:00:00,2026-03-26 22:00:00,23,+2.5C,2.5,2.7,5.2,NORMAL
L4T,2026-03-25 23:00:00,2026-03-26 22:00:00,23,+5C,5.0,2.7,7.7,NORMAL
M5R,2026-03-25 23:00:00,2026-03-26 22:00:00,23,+5C,5.0,4.3,9.3,NORMAL
M5S,2026-03-25 23:00:00,2026-03-26 22:00:00,23,+5C,5.0,4.3,9.3,NORMAL
M6G,2026-03-25 23:00:00,2026-03-26 22:00:00,23,+5C,5.0,4.3,9.3,NORMAL
M9R,2026-03-25 23:00:00,2026-03-26 22:00:00,23,+5C,5.0,2.7,7.7,NORMAL
M9W,2026-03-25 23:00:00,2026-03-26 22:00:00,23,+5C,5.0,2.7,7.7,NORMAL
L4T,2026-03-25 23:00:00,2026-03-26 23:00:00,24,-5C,-5.0,2.7,-2.3,NORMAL
M5R,2026-03-25 23:00:00,2026-03-26 23:00:00,24,-5C,-5.0,4.3,-0.7000000000000002,NORMAL
M5S,2026-03-25 23:00:00,2026-03-26 23:00:00,24,-5C,-5.0,4.3,-0.7000000000000002,NORMAL
M6G,2026-03-25 23:00:00,2026-03-26 23:00:00,24,-5C,-5.0,4.3,-0.7000000000000002,NORMAL
M9R,2026-03-25 23:00:00,2026-03-26 23:00:00,24,-5C,-5.0,2.7,-2.3,NORMAL
M9W,2026-03-25 23:00:00,2026-03-26 23:00:00,24,-5C,-5.0,2.7,-2.3,NORMAL
L4T,2026-03-25 23:00:00,2026-03-26 23:00:00,24,-2.5C,-2.5,2.7,0.20000000000000018,NORMAL
M5R,2026-03-25 23:00:00,2026-03-26 23:00:00,24,-2.5C,-2.5,4.3,1.7999999999999998,NORMAL
M5S,2026-03-25 23:00:00,2026-03-26 23:00:00,24,-2.5C,-2.5,4.3,1.7999999999999998,NORMAL
M6G,2026-03-25 23:00:00,2026-03-26 23:00:00,24,-2.5C,-2.5,4.3,1.7999999999999998,NORMAL
M9R,2026-03-25 23:00:00,2026-03-26 23:00:00,24,-2.5C,-2.5,2.7,0.20000000000000018,NORMAL
M9W,2026-03-25 23:00:00,2026-03-26 23:00:00,24,-2.5C,-2.5,2.7,0.20000000000000018,NORMAL
L4T,2026-03-25 23:00:00,2026-03-26 23:00:00,24,Baseline,0.0,2.7,2.7,NORMAL
M5R,2026-03-25 23:00:00,2026-03-26 23:00:00,24,Baseline,0.0,4.3,4.3,NORMAL
M5S,2026-03-25 23:00:00,2026-03-26 23:00:00,24,Baseline,0.0,4.3,4.3,NORMAL
M6G,2026-03-25 23:00:00,2026-03-26 23:00:00,24,Baseline,0.0,4.3,4.3,NORMAL
M9R,2026-03-25 23:00:00,2026-03-26 23:00:00,24,Baseline,0.0,2.7,2.7,NORMAL
M9W,2026-03-25 23:00:00,2026-03-26 23:00:00,24,Baseline,0.0,2.7,2.7,NORMAL
L4T,2026-03-25 23:00:00,2026-03-26 23:00:00,24,+2.5C,2.5,2.7,5.2,NORMAL
M5R,2026-03-25 23:00:00,2026-03-26 23:00:00,24,+2.5C,2.5,4.3,6.8,NORMAL
M5S,2026-03-25 23:00:00,2026-03-26 23:00:00,24,+2.5C,2.5,4.3,6.8,NORMAL
M6G,2026-03-25 23:00:00,2026-03-26 23:00:00,24,+2.5C,2.5,4.3,6.8,NORMAL
M9R,2026-03-25 23:00:00,2026-03-26 23:00:00,24,+2.5C,2.5,2.7,5.2,NORMAL
M9W,2026-03-25 23:00:00,2026-03-26 23:00:00,24,+2.5C,2.5,2.7,5.2,NORMAL
L4T,2026-03-25 23:00:00,2026-03-26 23:00:00,24,+5C,5.0,2.7,7.7,NORMAL
M5R,2026-03-25 23:00:00,2026-03-26 23:00:00,24,+5C,5.0,4.3,9.3,NORMAL
M5S,2026-03-25 23:00:00,2026-03-26 23:00:00,24,+5C,5.0,4.3,9.3,NORMAL
M6G,2026-03-25 23:00:00,2026-03-26 23:00:00,24,+5C,5.0,4.3,9.3,NORMAL
M9R,2026-03-25 23:00:00,2026-03-26 23:00:00,24,+5C,5.0,2.7,7.7,NORMAL
M9W,2026-03-25 23:00:00,2026-03-26 23:00:00,24,+5C,5.0,2.7,7.7,NORMAL
